Comune,Tipologia
Aeugst am Albis,3
Affoltern am Albis,1
Bonstetten,2
Hausen am Albis,2
Hedingen,1
Kappel am Albis,3
Knonau,2
Maschwanden,3
Mettmenstetten,2
Obfelden,2
Ottenbach,2
Rifferswil,3
Stallikon,2
Wettswil am Albis,2
Benken (ZH),3
Berg am Irchel,2
Buch am Irchel,3
Dachsen,2
Dorf,3
Feuerthalen,1
Flaach,2
Flurlingen,1
Henggart,2
Kleinandelfingen,2
Laufen-Uhwiesen,2
Marthalen,2
Ossingen,3
Rheinau,3
Thalheim an der Thur,3
Trüllikon,3
Truttikon,3
Volken,2
Bachenbülach,1
Bassersdorf,1
Bülach,1
Dietlikon,1
Eglisau,2
Embrach,1
Freienstein-Teufen,1
Glattfelden,2
Hochfelden,2
Höri,1
Hüntwangen,3
Kloten,1
Lufingen,2
Nürensdorf,2
Oberembrach,3
Opfikon,1
Rafz,2
Rorbas,1
Wallisellen,1
Wasterkingen,3
Wil (ZH),3
Winkel,1
Bachs,3
Boppelsen,3
Buchs (ZH),1
Dällikon,1
Dänikon,2
Dielsdorf,2
Hüttikon,2
Neerach,2
Niederglatt,1
Niederhasli,1
Niederweningen,2
Oberglatt,1
Oberweningen,2
Otelfingen,2
Regensberg,2
Regensdorf,1
Rümlang,2
Schleinikon,2
Schöfflisdorf,2
Stadel,2
Steinmaur,2
Weiach,2
Bäretswil,2
Bubikon,2
Dürnten,1
Fischenthal,3
Gossau (ZH),2
Grüningen,2
Hinwil,2
Rüti (ZH),1
Seegräben,2
Wald (ZH),2
Wetzikon (ZH),1
Adliswil,1
Kilchberg (ZH),1
Langnau am Albis,1
Oberrieden,1
Richterswil,1
Rüschlikon,1
Thalwil,1
Erlenbach (ZH),1
Herrliberg,1
Hombrechtikon,2
Küsnacht (ZH),1
Männedorf,1
Meilen,1
Oetwil am See,2
Stäfa,1
Uetikon am See,1
Zumikon,1
Zollikon,1
Fehraltorf,2
Hittnau,2
Lindau,2
Pfäffikon,1
Russikon,2
Weisslingen,2
Wila,2
Wildberg,3
Dübendorf,1
Egg,2
Fällanden,1
Greifensee,1
Maur,2
Mönchaltorf,2
Schwerzenbach,1
Uster,1
Volketswil,1
Wangen-Brüttisellen,1
Altikon,3
Brütten,2
Dägerlen,3
Dättlikon,3
Dinhard,3
Ellikon an der Thur,3
Elsau,1
Hagenbuch,3
Hettlingen,2
Neftenbach,1
Pfungen,2
Rickenbach (ZH),2
Schlatt (ZH),3
Seuzach,2
Turbenthal,2
Winterthur,1
Zell (ZH),2
Aesch (ZH),3
Birmensdorf (ZH),2
Dietikon,1
Geroldswil,1
Oberengstringen,1
Oetwil an der Limmat,1
Schlieren,1
Uitikon,2
Unterengstringen,1
Urdorf,1
Weiningen (ZH),1
Zürich,1
Andelfingen,2
Stammheim,3
Wädenswil,1
Elgg,2
Horgen,1
Illnau-Effretikon,1
Bauma,2
Wiesendangen,2
Aarberg,2
Bargen (BE),2
Grossaffoltern,2
Kallnach,3
Kappelen,2
Lyss,1
Meikirch,3
Radelfingen,3
Rapperswil (BE),3
Schüpfen,2
Seedorf (BE),3
Aarwangen,3
Auswil,3
Bannwil,3
Bleienbach,3
Busswil bei Melchnau,3
Gondiswil,3
Langenthal,1
Lotzwil,1
Madiswil,3
Melchnau,3
Oeschenbach,3
Reisiswil,3
Roggwil (BE),3
Rohrbach,3
Rohrbachgraben,3
Rütschelen,3
Schwarzhäusern,3
Thunstetten,3
Ursenbach,3
Wynau,3
Bern,1
Bolligen,1
Bremgarten bei Bern,1
Kirchlindach,2
Köniz,1
Muri bei Bern,1
Oberbalm,3
Stettlen,1
Vechigen,1
Wohlen bei Bern,2
Zollikofen,1
Ittigen,1
Ostermundigen,1
Biel/Bienne,1
Evilard,1
Arch,2
Büetigen,2
Büren an der Aare,2
Diessbach bei Büren,3
Dotzigen,2
Lengnau (BE),1
Leuzigen,3
Meienried,3
Meinisberg,3
Oberwil bei Büren,3
Pieterlen,2
Rüti bei Büren,3
Wengi,3
Aefligen,1
Alchenstorf,3
Bäriswil,2
Burgdorf,1
Ersigen,1
Hasle bei Burgdorf,2
Heimiswil,3
Hellsau,3
Hindelbank,2
Höchstetten,3
Kernenried,3
Kirchberg (BE),1
Koppigen,2
Krauchthal,3
Lyssach,2
Oberburg,1
Rüdtligen-Alchenflüh,1
Rumendingen,3
Rüti bei Lyssach,3
Willadingen,3
Wynigen,3
Corgémont,3
Cormoret,3
Cortébert,3
Courtelary,3
La Ferrière,3
Mont-Tramelan,3
Orvin,3
Renan (BE),3
Romont (BE),3
Saint-Imier,2
Sonceboz-Sombeval,3
Sonvilier,3
Tramelan,2
Villeret,2
Sauge,3
Péry-La Heutte,3
Brüttelen,3
Erlach,2
Finsterhennen,3
Gals,2
Gampelen,2
Ins,2
Lüscherz,3
Müntschemier,3
Siselen,3
Treiten,3
Tschugg,3
Vinelz,3
Bätterkinden,2
Deisswil bei Münchenbuchsee,3
Fraubrunnen,2
Jegenstorf,2
Iffwil,3
Mattstetten,2
Moosseedorf,1
Münchenbuchsee,2
Urtenen-Schönbühl,1
Utzenstorf,2
Wiggiswil,3
Wiler bei Utzenstorf,3
Zielebach,2
Zuzwil (BE),3
Adelboden,2
Aeschi bei Spiez,3
Frutigen,2
Kandergrund,3
Kandersteg,3
Krattigen,2
Reichenbach im Kandertal,3
Beatenberg,3
Bönigen,1
Brienz (BE),2
Brienzwiler,3
Därligen,3
Grindelwald,2
Gsteigwiler,3
Gündlischwand,3
Habkern,3
Hofstetten bei Brienz,3
Interlaken,1
Iseltwald,3
Lauterbrunnen,3
Leissigen,3
Lütschental,3
Matten bei Interlaken,1
Niederried bei Interlaken,3
Oberried am Brienzersee,3
Ringgenberg (BE),2
Saxeten,3
Schwanden bei Brienz,2
Unterseen,1
Wilderswil,2
Arni (BE),3
Biglen,2
Bowil,3
Brenzikofen,3
Freimettigen,2
Grosshöchstetten,2
Häutligen,3
Herbligen,3
Kiesen,2
Konolfingen,2
Landiswil,3
Linden,3
Mirchel,3
Münsingen,1
Niederhünigen,2
Oberdiessbach,2
Oberthal,3
Oppligen,2
Rubigen,2
Walkringen,3
Worb,2
Zäziwil,2
Oberhünigen,3
Allmendingen,3
Wichtrach,2
Ferenbalm,3
Frauenkappelen,2
Gurbrü,3
Kriechenwil,3
Laupen,2
Mühleberg,3
Münchenwiler,1
Neuenegg,2
Wileroltigen,3
Belprahon,3
Champoz,3
Corcelles (BE),3
Court,3
Crémines,3
Eschert,2
Grandval,3
Loveresse,3
Moutier,2
Perrefitte,3
Reconvilier,3
Roches (BE),3
Saicourt,3
Saules (BE),3
Schelten,3
Seehof,3
Sorvilier,3
Tavannes,3
Rebévelier,3
Petit-Val,3
Valbirse,2
La Neuveville,2
Nods,3
Plateau de Diesse,3
Aegerten,1
Bellmund,1
Brügg,1
Bühl,3
Epsach,3
Hagneck,2
Hermrigen,3
Jens,2
Ipsach,1
Ligerz,3
Merzligen,3
Mörigen,2
Nidau,1
Orpund,2
Port,1
Safnern,2
Scheuren,2
Schwadernau,1
Studen (BE),1
Sutz-Lattrigen,2
Täuffelen,2
Walperswil,3
Worben,1
Twann-Tüscherz,3
Därstetten,3
Diemtigen,3
Erlenbach im Simmental,3
Oberwil im Simmental,3
Reutigen,3
Spiez,1
Wimmis,2
Stocken-Höfen,3
Guttannen,3
Hasliberg,3
Innertkirchen,3
Meiringen,2
Schattenhalb,2
Boltigen,3
Lenk,3
St. Stephan,3
Zweisimmen,3
Gsteig,3
Lauenen,3
Saanen,2
Guggisberg,3
Rüschegg,3
Schwarzenburg,2
Belp,2
Burgistein,3
Gerzensee,3
Gurzelen,2
Jaberg,2
Kaufdorf,2
Kehrsatz,1
Kirchdorf (BE),3
Niedermuhlern,3
Riggisberg,2
Rüeggisberg,3
Seftigen,2
Toffen,2
Uttigen,2
Wattenwil,2
Wald (BE),3
Thurnen,2
Eggiwil,3
Langnau im Emmental,2
Lauperswil,3
Röthenbach im Emmental,3
Rüderswil,3
Schangnau,3
Signau,3
Trub,3
Trubschachen,3
Amsoldingen,3
Blumenstein,2
Buchholterberg,3
Eriz,3
Fahrni,3
Heiligenschwendi,3
Heimberg,1
Hilterfingen,1
Homberg,3
Horrenbach-Buchen,3
Oberhofen am Thunersee,1
Oberlangenegg,3
Pohlern,3
Sigriswil,2
Steffisburg,1
Teuffenthal (BE),3
Thierachern,2
Thun,1
Uebeschi,3
Uetendorf,2
Unterlangenegg,3
Wachseldorn,3
Forst-Längenbühl,2
Affoltern im Emmental,3
Dürrenroth,3
Eriswil,3
Huttwil,2
Lützelflüh,3
Rüegsau,2
Sumiswald,3
Trachselwald,3
Walterswil (BE),3
Wyssachen,3
Attiswil,3
Berken,3
Bettenhausen,3
Farnern,3
Graben,3
Heimenhausen,3
Herzogenbuchsee,1
Inkwil,3
Niederbipp,1
Niederönz,1
Oberbipp,3
Ochlenberg,3
Rumisberg,3
Seeberg,3
Thörigen,3
Walliswil bei Niederbipp,3
Walliswil bei Wangen,3
Wangen an der Aare,3
Wiedlisbach,3
Doppleschwand,3
Entlebuch,3
Flühli,3
Hasle (LU),3
Romoos,3
Schüpfheim,2
Werthenstein,3
Escholzmatt-Marbach,3
Aesch (LU),3
Ballwil,2
Emmen,1
Ermensee,2
Eschenbach (LU),2
Hitzkirch,2
Hochdorf,1
Hohenrain,3
Inwil,2
Rain,2
Römerswil,3
Rothenburg,1
Schongau,3
Adligenswil,1
Buchrain,1
Dierikon,1
Ebikon,1
Gisikon,2
Greppen,2
Horw,1
Kriens,1
Luzern,1
Malters,2
Meggen,1
Meierskappel,2
Root,2
Schwarzenberg,3
Udligenswil,2
Vitznau,3
Weggis,2
Beromünster,2
Büron,3
Buttisholz,2
Eich,3
Geuensee,3
Grosswangen,2
Hildisrieden,3
Knutwil,3
Mauensee,3
Neuenkirch,2
Nottwil,3
Oberkirch,1
Rickenbach (LU),3
Ruswil,2
Schenkon,1
Schlierbach,3
Sempach,3
Sursee,1
Triengen,2
Wolhusen,2
Alberswil,3
Altbüron,3
Altishofen,2
Dagmersellen,3
Egolzwil,3
Ettiswil,3
Fischbach,3
Grossdietwil,3
Hergiswil bei Willisau,3
Luthern,3
Menznau,3
Nebikon,2
Pfaffnau,3
Reiden,3
Roggliswil,3
Schötz,2
Ufhusen,3
Wauwil,3
Wikon,1
Zell (LU),3
Willisau,2
Altdorf (UR),1
Andermatt,2
Attinghausen,1
Bürglen (UR),1
Erstfeld,2
Flüelen,1
Göschenen,3
Gurtnellen,3
Hospental,3
Isenthal,3
Realp,3
Schattdorf,1
Seedorf (UR),2
Seelisberg,3
Silenen,3
Sisikon,3
Spiringen,3
Unterschächen,3
Wassen,3
Einsiedeln,1
Gersau,3
Feusisberg,2
Freienbach,1
Wollerau,1
Küssnacht (SZ),1
Altendorf,1
Galgenen,2
Innerthal,3
Lachen,1
Reichenburg,2
Schübelbach,1
Tuggen,2
Vorderthal,3
Wangen (SZ),1
Alpthal,3
Arth,1
Illgau,3
Ingenbohl,2
Lauerz,3
Morschach,3
Muotathal,2
Oberiberg,3
Riemenstalden,3
Rothenthurm,3
Sattel,3
Schwyz,1
Steinen,3
Steinerberg,3
Unteriberg,3
Alpnach,3
Engelberg,2
Giswil,3
Kerns,3
Lungern,3
Sachseln,2
Sarnen,1
Beckenried,3
Buochs,3
Dallenwil,3
Emmetten,3
Ennetbürgen,3
Ennetmoos,3
Hergiswil (NW),2
Oberdorf (NW),1
Stans,1
Stansstad,1
Wolfenschiessen,3
Glarus Nord,1
Glarus Süd,3
Glarus,1
Baar,1
Cham,1
Hünenberg,1
Menzingen,2
Neuheim,2
Oberägeri,1
Risch,1
Steinhausen,1
Unterägeri,1
Walchwil,2
Zug,1
Châtillon (FR),3
Cugy (FR),3
Fétigny,3
Gletterens,3
Lully (FR),3
Ménières,3
Montagny (FR),3
Nuvilly,3
Prévondavaux,3
Saint-Aubin (FR),3
Sévaz,3
Surpierre,3
Vallon,3
Les Montets,3
Delley-Portalban,3
Belmont-Broye,3
Estavayer,2
Cheyres-Châbles,3
Billens-Hennens,3
Le Châtelard,3
Châtonnaye,3
Grangettes,3
Massonnens,3
Mézières (FR),3
Romont (FR),2
Rue,3
Siviriez,3
Ursy,3
Vuisternens-devant-Romont,3
Villorsonnens,3
Torny,3
Villaz,3
Haut-Intyamon,3
Pont-en-Ogoz,3
Botterens,3
Broc,2
Bulle,1
Châtel-sur-Montsalvens,3
Corbières,3
Crésuz,3
Echarlens,1
Grandvillard,3
Gruyères,2
Hauteville,3
Jaun,3
Marsens,2
Morlon,1
Le Pâquier (FR),3
Pont-la-Ville,3
Riaz,1
La Roche,3
Sâles,3
Sorens,3
Vaulruz,3
Vuadens,1
Bas-Intyamon,3
Val-de-Charmey,3
Autigny,3
Avry,2
Belfaux,1
Chénens,3
Corminboeuf,1
Cottens (FR),3
Ferpicloz,2
Fribourg,1
Givisiez,1
Granges-Paccot,1
Marly,2
Matran,2
Neyruz (FR),2
Pierrafortscha,3
Le Mouret,2
Treyvaux,2
Villars-sur-Glâne,1
Villarsel-sur-Marly,3
Hauterive (FR),2
La Brillaz,3
La Sonnaz,2
Gibloux,2
Prez,3
Bois-d'Amont,3
Grolley-Ponthaux,2
Courgevaux,1
Courtepin,2
Cressier (FR),3
Fräschels,3
Greng,3
Gurmels,3
Kerzers,2
Kleinbösingen,2
Meyriez,1
Misery-Courtion,3
Muntelier,1
Murten,1
Ried bei Kerzers,3
Ulmiz,3
Mont-Vully,2
Brünisried,3
Düdingen,2
Giffers,2
Bösingen,2
Heitenried,3
Plaffeien,2
Plasselb,3
Rechthalten,3
St. Silvester,3
St. Ursen,3
Schmitten (FR),2
Tafers,3
Tentlingen,2
Ueberstorf,3
Wünnewil-Flamatt,2
Attalens,2
Bossonnens,2
Châtel-Saint-Denis,2
Granges (Veveyse),3
Remaufens,2
Saint-Martin (FR),3
Semsales,3
Le Flon,3
La Verrerie,3
Egerkingen,3
Härkingen,2
Kestenholz,3
Neuendorf,3
Niederbuchsiten,3
Oberbuchsiten,3
Oensingen,1
Wolfwil,3
Aedermannsdorf,3
Balsthal,3
Herbetswil,3
Holderbank (SO),3
Laupersdorf,3
Matzendorf,3
Mümliswil-Ramiswil,3
Welschenrohr-Gänsbrunnen,3
Biezwil,3
Lüterkofen-Ichertswil,2
Messen,3
Schnottwil,3
Unterramsern,3
Lüsslingen-Nennigkofen,3
Buchegg,3
Bättwil,2
Büren (SO),3
Dornach,1
Gempen,3
Hochwald,3
Hofstetten-Flüh,2
Metzerlen-Mariastein,3
Nuglar-St. Pantaleon,3
Rodersdorf,3
Seewen,3
Witterswil,2
Hauenstein-Ifenthal,3
Kienberg,3
Lostorf,2
Niedergösgen,1
Obergösgen,1
Stüsslingen,3
Trimbach,1
Winznau,1
Wisen (SO),3
Erlinsbach (SO),1
Aeschi (SO),2
Biberist,1
Bolken,2
Deitingen,2
Derendingen,1
Etziken,2
Gerlafingen,1
Halten,2
Horriwil,2
Hüniken,2
Kriegstetten,2
Lohn-Ammannsegg,2
Luterbach,2
Obergerlafingen,2
Oekingen,2
Recherswil,2
Subingen,1
Zuchwil,1
Drei Höfe,3
Balm bei Günsberg,3
Bellach,1
Bettlach,1
Feldbrunnen-St. Niklaus,1
Flumenthal,2
Grenchen,1
Günsberg,3
Hubersdorf,2
Kammersrohr,3
Langendorf,1
Lommiswil,3
Oberdorf (SO),1
Riedholz,2
Rüttenen,2
Selzach,2
Boningen,3
Däniken,1
Dulliken,1
Eppenberg-Wöschnau,1
Fulenbach,3
Gretzenbach,1
Gunzgen,3
Hägendorf,1
Kappel (SO),1
Olten,1
Rickenbach (SO),1
Schönenwerd,1
Starrkirch-Wil,1
Walterswil (SO),2
Wangen bei Olten,1
Solothurn,1
Bärschwil,3
Beinwil (SO),3
Breitenbach,2
Büsserach,2
Erschwil,3
Fehren,3
Grindel,3
Himmelried,3
Kleinlützel,3
Meltingen,2
Nunningen,2
Zullwil,2
Basel,1
Bettingen,1
Riehen,1
Aesch (BL),1
Allschwil,1
Arlesheim,1
Biel-Benken,1
Binningen,1
Birsfelden,1
Bottmingen,1
Ettingen,2
Münchenstein,1
Muttenz,1
Oberwil (BL),1
Pfeffingen,1
Reinach (BL),1
Schönenbuch,2
Therwil,1
Blauen,3
Brislach,2
Burg im Leimental,3
Dittingen,2
Duggingen,2
Grellingen,2
Laufen,2
Liesberg,3
Nenzlingen,3
Roggenburg,3
Röschenz,2
Wahlen,2
Zwingen,2
Arisdorf,2
Augst,1
Bubendorf,2
Frenkendorf,1
Füllinsdorf,1
Giebenach,3
Hersberg,3
Lausen,1
Liestal,1
Lupsingen,3
Pratteln,1
Ramlinsburg,3
Seltisberg,2
Ziefen,3
Anwil,3
Böckten,2
Buckten,3
Buus,3
Diepflingen,2
Gelterkinden,2
Häfelfingen,3
Hemmiken,3
Itingen,1
Känerkinden,3
Kilchberg (BL),3
Läufelfingen,3
Maisprach,3
Nusshof,3
Oltingen,3
Ormalingen,2
Rickenbach (BL),3
Rothenfluh,3
Rümlingen,3
Rünenberg,3
Sissach,2
Tecknau,3
Tenniken,3
Thürnen,2
Wenslingen,3
Wintersingen,3
Wittinsburg,3
Zeglingen,3
Zunzgen,2
Arboldswil,3
Bennwil,3
Bretzwil,3
Diegten,3
Eptingen,3
Hölstein,2
Lampenberg,2
Langenbruck,3
Lauwil,3
Liedertswil,3
Niederdorf,2
Oberdorf (BL),2
Reigoldswil,3
Titterten,3
Waldenburg,2
Gächlingen,3
Löhningen,3
Neunkirch,2
Büttenhardt,3
Dörflingen,3
Lohn (SH),3
Stetten (SH),3
Thayngen,2
Bargen (SH),3
Beringen,2
Buchberg,3
Merishausen,3
Neuhausen am Rheinfall,1
Rüdlingen,3
Schaffhausen,1
Beggingen,3
Schleitheim,3
Siblingen,3
Buch (SH),3
Hemishofen,3
Ramsen,3
Stein am Rhein,2
Hallau,2
Oberhallau,3
Trasadingen,2
Wilchingen,3
Herisau,1
Hundwil,3
Schönengrund,3
Schwellbrunn,3
Stein (AR),3
Urnäsch,3
Waldstatt,2
Bühler,2
Gais,2
Speicher,2
Teufen (AR),2
Trogen,2
Grub (AR),2
Heiden,2
Lutzenberg,2
Rehetobel,3
Reute (AR),3
Wald (AR),3
Walzenhausen,2
Wolfhalden,2
Appenzell,1
Gonten,3
Schlatt-Haslen,3
Oberegg,3
Schwende-Rüte,1
Häggenschwil,3
Muolen,3
St. Gallen,1
Wittenbach,1
Berg (SG),2
Eggersriet,3
Goldach,1
Mörschwil,2
Rorschach,1
Rorschacherberg,1
Steinach,1
Tübach,1
Untereggen,3
Au (SG),1
Balgach,1
Berneck,1
Diepoldsau,1
Rheineck,2
St. Margrethen,1
Thal,1
Widnau,1
Altstätten,1
Eichberg,3
Marbach (SG),1
Oberriet (SG),2
Rebstein,1
Rüthi (SG),3
Buchs (SG),1
Gams,2
Grabs,1
Sennwald,3
Sevelen,2
Wartau,3
Bad Ragaz,2
Flums,2
Mels,1
Pfäfers,3
Quarten,3
Sargans,1
Vilters-Wangs,1
Walenstadt,2
Amden,3
Benken (SG),3
Kaltbrunn,1
Schänis,2
Weesen,2
Schmerikon,1
Uznach,1
Rapperswil-Jona,1
Gommiswald,3
Eschenbach (SG),2
Ebnat-Kappel,2
Wildhaus-Alt St. Johann,3
Nesslau,3
Lichtensteig,1
Wattwil,1
Kirchberg (SG),2
Lütisburg,3
Mosnang,3
Bütschwil-Ganterschwil,2
Neckertal,3
Degersheim,2
Flawil,2
Jonschwil,2
Oberuzwil,1
Uzwil,1
Niederbüren,3
Niederhelfenschwil,3
Oberbüren,1
Zuzwil (SG),2
Wil (SG),1
Andwil (SG),2
Gaiserwald,1
Gossau (SG),1
Waldkirch,2
Vaz/Obervaz,3
Lantsch/Lenz,3
Schmitten (GR),3
Albula/Alvra,3
Surses,3
Bergün Filisur,3
Brusio,3
Poschiavo,2
Falera,3
Laax,2
Sagogn,3
Schluein,3
Vals,3
Lumnezia,3
Ilanz/Glion,2
Fürstenau,3
Rothenbrunnen,3
Scharans,3
Sils im Domleschg,3
Cazis,2
Flerden,3
Masein,2
Thusis,2
Tschappina,3
Urmein,3
Safiental,3
Domleschg,3
Avers,3
Sufers,3
Andeer,3
Rongellen,3
Zillis-Reischen,3
Ferrera,3
Rheinwald,3
Muntogna da Schons,3
Bonaduz,2
Domat/Ems,2
Rhäzüns,2
Felsberg,2
Flims,2
Tamins,3
Trin,3
Zernez,3
Samnaun,3
Scuol,2
Valsot,3
Bever,3
Celerina/Schlarigna,3
Madulain,3
Pontresina,2
La Punt Chamues-ch,3
Samedan,2
St. Moritz,1
S-chanf,3
Sils im Engadin/Segl,3
Silvaplana,3
Zuoz,3
Bregaglia,3
Buseno,3
Castaneda,3
Rossa,3
Santa Maria in Calanca,3
Lostallo,3
Mesocco,3
Soazza,3
Cama,3
Grono,3
Roveredo (GR),2
San Vittore,2
Calanca,3
Val Müstair,3
Davos,1
Fideris,3
Furna,3
Jenaz,3
Klosters,2
Conters im Prättigau,3
Küblis,3
Luzein,3
Chur,1
Churwalden,3
Arosa,2
Trimmis,2
Untervaz,2
Zizers,1
Fläsch,3
Jenins,3
Maienfeld,3
Malans,3
Landquart,1
Grüsch,3
Schiers,2
Seewis im Prättigau,3
Breil/Brigels,3
Disentis/Mustér,3
Medel (Lucmagn),3
Sumvitg,3
Tujetsch,3
Trun,3
Obersaxen Mundaun,3
Aarau,1
Biberstein,2
Buchs (AG),1
Densbüren,3
Erlinsbach (AG),1
Gränichen,1
Hirschthal,1
Küttigen,1
Muhen,1
Oberentfelden,1
Suhr,1
Unterentfelden,1
Baden,1
Bellikon,2
Bergdietikon,1
Birmenstorf (AG),2
Ennetbaden,1
Fislisbach,1
Freienwil,3
Gebenstorf,1
Killwangen,1
Künten,2
Mägenwil,2
Mellingen,2
Neuenhof,1
Niederrohrdorf,1
Oberrohrdorf,1
Obersiggenthal,1
Remetschwil,1
Spreitenbach,1
Stetten (AG),1
Untersiggenthal,1
Wettingen,1
Wohlenschwil,2
Würenlingen,2
Würenlos,1
Ehrendingen,2
Arni (AG),2
Berikon,1
Bremgarten (AG),1
Büttikon,2
Dottikon,2
Eggenwil,2
Fischbach-Göslikon,2
Hägglingen,2
Jonen,2
Niederwil (AG),2
Oberlunkhofen,2
Oberwil-Lieli,2
Rudolfstetten-Friedlisberg,1
Sarmenstorf,3
Tägerig,2
Uezwil,3
Unterlunkhofen,2
Villmergen,1
Widen,1
Wohlen (AG),1
Zufikon,1
Islisberg,3
Auenstein,2
Birr,2
Birrhard,3
Brugg,1
Habsburg,2
Hausen (AG),1
Lupfig,2
Mandach,3
Mönthal,3
Mülligen,2
Remigen,3
Riniken,2
Rüfenach,2
Thalheim (AG),3
Veltheim (AG),2
Villigen,2
Villnachern,3
Windisch,1
Bözberg,3
Schinznach,2
Beinwil am See,1
Birrwil,2
Dürrenäsch,3
Gontenschwil,3
Holziken,1
Leimbach (AG),2
Leutwil,3
Menziken,1
Oberkulm,3
Reinach (AG),1
Schlossrued,3
Schmiedrued,3
Schöftland,1
Teufenthal (AG),3
Unterkulm,3
Zetzwil,3
Eiken,2
Frick,1
Gansingen,3
Gipf-Oberfrick,1
Kaisten,3
Laufenburg,3
Münchwilen (AG),1
Oberhof,3
Oeschgen,1
Schwaderloch,3
Sisseln,2
Wittnau,3
Wölflinswil,3
Zeihen,3
Mettauertal,3
Böztal,3
Herznach-Ueken,2
Ammerswil,3
Boniswil,3
Brunegg,2
Dintikon,2
Egliswil,3
Fahrwangen,3
Hallwil,3
Hendschiken,2
Holderbank (AG),1
Hunzenschwil,2
Lenzburg,1
Meisterschwanden,3
Möriken-Wildegg,1
Niederlenz,1
Othmarsingen,2
Rupperswil,2
Schafisheim,2
Seengen,3
Seon,2
Staufen,1
Abtwil,3
Aristau,3
Auw,2
Beinwil (Freiamt),3
Besenbüren,3
Bettwil,3
Boswil,2
Bünzen,2
Buttwil,3
Dietwil,3
Geltwil,3
Kallern,3
Merenschwand,2
Mühlau,3
Muri (AG),2
Oberrüti,3
Rottenschwil,3
Sins,2
Waltenschwil,2
Hellikon,3
Kaiseraugst,1
Magden,2
Möhlin,1
Mumpf,1
Obermumpf,3
Olsberg,3
Rheinfelden,1
Schupfart,3
Stein (AG),1
Wallbach,1
Wegenstetten,3
Zeiningen,2
Zuzgen,3
Aarburg,1
Bottenwil,3
Brittnau,1
Kirchleerau,2
Kölliken,2
Moosleerau,3
Murgenthal,3
Oftringen,1
Reitnau,3
Rothrist,1
Safenwil,2
Staffelbach,3
Strengelbach,1
Uerkheim,3
Vordemwald,2
Wiliberg,3
Zofingen,1
Böttstein,1
Döttingen,1
Endingen,2
Fisibach,2
Full-Reuenthal,3
Klingnau,1
Koblenz,2
Leibstadt,3
Lengnau (AG),2
Leuggern,3
Mellikon,3
Schneisingen,2
Siglistorf,3
Tegerfelden,3
Zurzach,2
Arbon,1
Dozwil,2
Egnach,2
Hefenhofen,2
Horn,1
Kesswil,2
Roggwil (TG),1
Romanshorn,1
Salmsach,1
Sommeri,3
Uttwil,2
Amriswil,1
Bischofszell,2
Erlen,3
Hauptwil-Gottshaus,3
Hohentannen,3
Kradolf-Schönenberg,3
Sulgen,3
Zihlschlacht-Sitterdorf,3
Basadingen-Schlattingen,3
Diessenhofen,3
Schlatt (TG),3
Aadorf,2
Felben-Wellhausen,2
Frauenfeld,1
Gachnang,2
Hüttlingen,3
Matzingen,2
Neunforn,3
Stettfurt,3
Thundorf,3
Uesslingen-Buch,3
Warth-Weiningen,3
Altnau,3
Bottighofen,1
Ermatingen,3
Gottlieben,2
Güttingen,2
Kemmental,3
Kreuzlingen,1
Langrickenbach,3
Lengwil,3
Münsterlingen,3
Tägerwilen,2
Wäldi,3
Affeltrangen,3
Bettwiesen,3
Bichelsee-Balterswil,2
Braunau,3
Eschlikon,2
Fischingen,3
Lommis,3
Münchwilen (TG),1
Rickenbach (TG),1
Schönholzerswilen,3
Sirnach,1
Tobel-Tägerschen,2
Wängi,2
Wilen (TG),1
Wuppenau,3
Berlingen,3
Eschenz,2
Herdern,3
Homburg,3
Hüttwilen,3
Mammern,3
Müllheim,2
Pfyn,3
Raperswilen,3
Salenstein,3
Steckborn,3
Wagenhausen,2
Amlikon-Bissegg,3
Berg (TG),3
Birwinken,3
Bürglen (TG),3
Bussnang,3
Märstetten,3
Weinfelden,1
Wigoltingen,3
Arbedo-Castione,1
Bellinzona,1
Cadenazzo,2
Isone,3
Lumino,2
Sant'Antonino,2
Acquarossa,3
Blenio,3
Serravalle,3
Airolo,3
Bedretto,3
Dalpe,3
Faido,3
Giornico,3
Personico,3
Pollegio,2
Quinto,3
Ascona,1
Brione sopra Minusio,1
Brissago,2
Gordola,1
Lavertezzo,1
Locarno,1
Losone,1
Mergoscia,3
Minusio,1
Muralto,1
Orselina,1
Ronco sopra Ascona,3
Tenero-Contra,1
Onsernone,3
Cugnasco-Gerra,1
Agno,1
Aranno,3
Arogno,3
Bedano,1
Bioggio,1
Bissone,2
Brusino Arsizio,3
Cademario,3
Cadempino,1
Canobbio,1
Caslano,2
Comano,1
Cureglia,1
Grancia,1
Gravesano,1
Lamone,1
Lugano,1
Magliaso,2
Manno,1
Massagno,1
Melide,2
Mezzovico-Vira,2
Morcote,3
Muzzano,1
Neggio,1
Origlio,2
Paradiso,1
Ponte Capriasca,2
Porza,1
Pura,2
Savosa,1
Sorengo,1
Capriasca,2
Torricella-Taverne,1
Vernate,1
Vezia,1
Vico Morcote,3
Collina d'Oro,1
Alto Malcantone,3
Monteceneri,2
Tresa,2
Val Mara,2
Balerna,1
Castel San Pietro,1
Chiasso,1
Coldrerio,1
Mendrisio,1
Morbio Inferiore,1
Novazzano,1
Riva San Vitale,2
Stabio,1
Vacallo,1
Breggia,2
Biasca,2
Riviera,2
Bosco/Gurin,3
Campo (Vallemaggia),3
Cerentino,3
Cevio,3
Linescio,3
Maggia,3
Lavizzara,3
Avegno Gordevio,3
Lema,2
Terre di Pedemonte,2
Centovalli,2
Gambarogno,2
Verzasca,3
Aigle,1
Bex,2
Chessel,2
Corbeyrier,3
Gryon,3
Lavey-Morcles,2
Leysin,2
Noville,1
Ollon,2
Ormont-Dessous,3
Ormont-Dessus,3
Rennaz,1
Roche (VD),2
Villeneuve (VD),1
Yvorne,3
Aubonne,2
Ballens,3
Berolle,3
Bière,3
Bougy-Villars,3
Féchy,3
Gimel,2
Longirod,3
Marchissy,3
Mollens (VD),3
Saint-George,3
Saint-Livres,3
Saint-Oyens,3
Saubraz,2
Avenches,3
Cudrefin,3
Faoug,3
Vully-les-Lacs,3
Bettens,3
Bournens,3
Boussens,3
La Chaux (Cossonay),3
Chavannes-le-Veyron,3
Chevilly,3
Cossonay,2
Cuarnens,3
Daillens,3
Dizy,3
Eclépens,2
Ferreyres,3
Gollion,3
Grancy,3
L'Isle,3
Lussery-Villars,3
Mauraz,3
Mex (VD),3
Moiry,3
Mont-la-Ville,3
Montricher,3
Orny,3
Penthalaz,2
Penthaz,2
Pompaples,3
La Sarraz,2
Senarclens,3
Sullens,3
Vufflens-la-Ville,2
Assens,3
Bercher,2
Bottens,3
Bretigny-sur-Morrens,2
Cugy (VD),1
Echallens,2
Essertines-sur-Yverdon,3
Etagnières,2
Fey,3
Froideville,2
Morrens (VD),2
Oulens-sous-Echallens,3
Pailly,3
Penthéréaz,3
Poliez-Pittet,3
Rueyres,2
Saint-Barthélemy (VD),3
Villars-le-Terroir,2
Vuarrens,3
Montilliez,3
Goumoëns,3
Bonvillars,2
Bullet,3
Champagne,2
Concise,3
Corcelles-près-Concise,3
Fiez,3
Fontaines-sur-Grandson,3
Giez,3
Grandevent,3
Grandson,2
Mauborget,3
Mutrux,3
Novalles,3
Onnens (VD),3
Provence,3
Sainte-Croix,2
Tévenon,3
Belmont-sur-Lausanne,1
Cheseaux-sur-Lausanne,2
Crissier,1
Epalinges,1
Jouxtens-Mézery,1
Lausanne,1
Le Mont-sur-Lausanne,1
Paudex,1
Prilly,1
Pully,1
Renens (VD),1
Romanel-sur-Lausanne,1
Chexbres,2
Forel (Lavaux),3
Lutry,1
Puidoux,2
Rivaz,2
Saint-Saphorin (Lavaux),2
Savigny,3
Bourg-en-Lavaux,2
Aclens,2
Bremblens,3
Buchillon,2
Bussigny,1
Chavannes-près-Renens,1
Chigny,1
Clarmont,3
Denens,2
Denges,1
Echandens,1
Echichens,2
Ecublens (VD),1
Etoy,2
Lavigny,2
Lonay,1
Lully (VD),1
Lussy-sur-Morges,2
Morges,1
Préverenges,1
Romanel-sur-Morges,3
Saint-Prex,2
Saint-Sulpice (VD),1
Tolochenaz,1
Vaux-sur-Morges,3
Villars-Sainte-Croix,1
Villars-sous-Yens,3
Vufflens-le-Château,2
Vullierens,3
Yens,3
Hautemorges,3
Boulens,3
Bussy-sur-Moudon,3
Chavannes-sur-Moudon,3
Curtilles,3
Dompierre (VD),3
Hermenches,3
Lovatens,3
Lucens,3
Moudon,2
Ogens,3
Prévonloup,3
Rossenges,3
Syens,3
Villars-le-Comte,3
Vucherens,3
Montanaire,3
Arnex-sur-Nyon,2
Arzier-Le Muids,2
Bassins,2
Begnins,2
Bogis-Bossey,1
Borex,2
Chavannes-de-Bogis,1
Chavannes-des-Bois,3
Chéserex,2
Coinsins,3
Commugny,1
Coppet,1
Crans (VD),2
Crassier,2
Duillier,3
Eysins,1
Founex,1
Genolier,2
Gingins,2
Givrins,2
Gland,1
Grens,2
Mies,1
Nyon,1
Prangins,1
La Rippe,3
Saint-Cergue,2
Signy-Avenex,2
Tannay,1
Trélex,2
Le Vaud,2
Vich,1
L'Abergement,3
Agiez,3
Arnex-sur-Orbe,3
Ballaigues,3
Baulmes,3
Bavois,3
Bofflens,3
Bretonnières,3
Chavornay,2
Les Clées,3
Croy,3
Juriens,3
Lignerolle,3
Montcherand,3
Orbe,2
La Praz,3
Premier,3
Rances,3
Romainmôtier-Envy,3
Sergey,3
Valeyres-sous-Rances,3
Vallorbe,2
Vaulion,3
Vuiteboeuf,3
Corcelles-le-Jorat,3
Maracon,3
Montpreveyres,3
Ropraz,3
Servion,3
Vulliens,3
Jorat-Menthue,3
Oron,2
Jorat-Mézières,2
Champtauroz,3
Chevroux,3
Corcelles-près-Payerne,1
Grandcour,3
Henniez,3
Missy,3
Payerne,1
Trey,3
Treytorrens (Payerne),3
Villarzel,3
Valbroye,3
Château-d'Oex,2
Rossinière,3
Rougemont,3
Allaman,2
Bursinel,2
Bursins,2
Burtigny,3
Dully,2
Essertines-sur-Rolle,3
Gilly,2
Luins,2
Mont-sur-Rolle,2
Perroy,2
Rolle,2
Tartegnin,2
Vinzel,2
L'Abbaye,3
Le Chenit,2
Le Lieu,3
Chardonne,1
Corseaux,1
Corsier-sur-Vevey,1
Jongny,1
Montreux,1
La Tour-de-Peilz,1
Vevey,1
Veytaux,1
Blonay - Saint-Légier,1
Belmont-sur-Yverdon,3
Bioley-Magnoux,3
Chamblon,2
Champvent,3
Chavannes-le-Chêne,3
Chêne-Pâquier,3
Cheseaux-Noréaz,1
Cronay,3
Cuarny,3
Démoret,3
Donneloye,3
Ependes (VD),3
Mathod,3
Molondin,3
Montagny-près-Yverdon,1
Oppens,3
Orges,3
Orzens,3
Pomy,3
Rovray,3
Suchy,3
Suscévaz,3
Treycovagnes,2
Ursins,3
Valeyres-sous-Montagny,1
Valeyres-sous-Ursins,3
Villars-Epeney,3
Vugelles-La Mothe,3
Yverdon-les-Bains,1
Yvonand,2
Brig-Glis,1
Eggerberg,2
Naters,1
Ried-Brig,2
Simplon,3
Termen,2
Zwischbergen,3
Ardon,1
Chamoson,2
Conthey,1
Nendaz,2
Vétroz,1
Bourg-Saint-Pierre,3
Liddes,3
Orsières,3
Sembrancher,3
Val de Bagnes,2
Bellwald,3
Binn,3
Ernen,3
Fiesch,3
Fieschertal,3
Lax,3
Obergoms,3
Goms,3
Ayent,2
Evolène,3
Hérémence,3
Saint-Martin (VS),3
Vex,3
Mont-Noble,3
Agarn,3
Albinen,3
Ergisch,3
Inden,3
Leuk,2
Leukerbad,2
Oberems,3
Salgesch,2
Varen,3
Guttet-Feschel,3
Gampel-Bratsch,2
Turtmann-Unterems,3
Bovernier,3
Fully,2
Isérables,3
Leytron,2
Martigny,1
Martigny-Combe,1
Riddes,2
Saillon,2
Saxon,2
Trient,3
Champéry,3
Collombey-Muraz,1
Monthey,1
Port-Valais,3
Saint-Gingolph,3
Troistorrents,1
Val-d'Illiez,3
Vionnaz,2
Vouvry,2
Bister,3
Bitsch,2
Grengiols,3
Riederalp,3
Ausserberg,3
Blatten,3
Bürchen,3
Eischoll,3
Ferden,3
Kippel,3
Niedergesteln,2
Raron,2
Unterbäch,3
Wiler (Lötschen),3
Mörel-Filet,3
Steg-Hohtenn,2
Bettmeralp,3
Collonges,3
Dorénaz,3
Evionnaz,3
Finhaut,3
Massongex,2
Saint-Maurice,2
Salvan,3
Vernayaz,2
Vérossaz,3
Chalais,2
Chippis,1
Grône,2
Icogne,3
Lens,3
Saint-Léonard,2
Sierre,1
Anniviers,3
Crans-Montana,1
Noble-Contrée,1
Arbaz,2
Grimisuat,1
Savièse,1
Sion,1
Veysonnaz,2
Baltschieder,1
Eisten,3
Embd,3
Grächen,3
Lalden,1
Randa,3
Saas-Almagell,3
Saas-Balen,3
Saas-Fee,2
Saas-Grund,3
St. Niklaus,3
Stalden (VS),3
Staldenried,3
Täsch,3
Törbel,3
Visp,1
Visperterminen,3
Zeneggen,3
Zermatt,1
Boudry,1
Cortaillod,1
Rochefort,3
Milvignes,2
La Grande Béroche,2
La Chaux-de-Fonds,1
Les Planchettes,3
La Sagne,3
La Brévine,3
Brot-Plamboz,3
Le Cerneux-Péquignot,3
La Chaux-du-Milieu,3
Le Locle,1
Les Ponts-de-Martel,3
Cornaux,2
Cressier (NE),2
Le Landeron,2
Lignières,3
Neuchâtel,1
Val-de-Ruz,2
La Côte-aux-Fées,3
Les Verrières,3
Val-de-Travers,2
Laténa,1
Aire-la-Ville,2
Anières,1
Avully,3
Avusy,3
Bardonnex,2
Bellevue,1
Bernex,1
Carouge (GE),1
Cartigny,3
Céligny,2
Chancy,2
Chêne-Bougeries,1
Chêne-Bourg,1
Choulex,2
Collex-Bossy,2
Collonge-Bellerive,1
Cologny,1
Confignon,1
Corsier (GE),1
Dardagny,3
Genève,1
Genthod,1
Le Grand-Saconnex,1
Gy,2
Hermance,2
Jussy,3
Laconnex,3
Lancy,1
Meinier,1
Meyrin,1
Onex,1
Perly-Certoux,1
Plan-les-Ouates,1
Pregny-Chambésy,1
Presinge,3
Puplinge,1
Russin,3
Satigny,2
Soral,3
Thônex,1
Troinex,1
Vandoeuvres,1
Vernier,1
Versoix,1
Veyrier,1
Boécourt,3
Bourrignon,3
Châtillon (JU),3
Courchapoix,3
Courrendlin,2
Courroux,1
Courtételle,2
Delémont,1
Develier,3
Ederswiler,3
Mervelier,3
Mettembert,3
Movelier,3
Pleigne,3
Rossemaison,1
Saulcy,3
Soyhières,3
Haute-Sorne,2
Val Terbi,2
Le Bémont (JU),3
Les Bois,3
Les Breuleux,3
Les Enfers,3
Les Genevez (JU),3
Lajoux (JU),3
Montfaucon,3
Muriaux,3
Le Noirmont,2
Saignelégier,2
Saint-Brais,3
Soubey,3
Alle,3
Boncourt,3
Bure,3
Coeuve,3
Cornol,3
Courchavon,3
Courgenay,3
Courtedoux,3
Fahy,3
Fontenais,1
Grandfontaine,3
Porrentruy,1
Vendlincourt,3
Basse-Allaine,3
Clos du Doubs,3
Haute-Ajoie,3
La Baroche,3
Damphreux-Lugnez,3
Basse-Vendline,3
