Municipality,Green party [%]
Aeugst am Albis,7.9
Obfelden,6.9
Stadel,7.5
Doppleschwand,1.3
Entlebuch,2.1
Flühli,1
Hasle (LU),0.8
Romoos,1.8
Schüpfheim,3.7
Werthenstein,2.5
Steinmaur,6.8
Escholzmatt-Marbach,1.5
Weiach,4.2
Aesch (LU),3.3
Ballwil,3.6
Emmen,7.6
Ermensee,4.2
Eschenbach (LU),4.8
Hitzkirch,4.9
Hochdorf,5.7
Hohenrain,4.1
Inwil,3.6
Rain,3.1
Römerswil,3.2
Rothenburg,5.9
Schongau,2.7
Adligenswil,9.6
Buchrain,6.3
Dierikon,9.5
Ebikon,8.4
Gisikon,4.4
Greppen,5.9
Honau,6.7
Horw,11.8
Kriens,12.6
Luzern,15.6
Malters,6
Meggen,5.9
Meierskappel,4.6
Root,6.5
Schwarzenberg,4.2
Udligenswil,5.3
Vitznau,4.6
Weggis,5.7
Beromünster,4.1
Büron,5.5
Buttisholz,3.7
Eich,2.5
Geuensee,9.4
Grosswangen,3
Hildisrieden,4.3
Knutwil,6.6
Mauensee,8.2
Neuenkirch,5.5
Nottwil,5.3
Oberkirch,10.6
Rickenbach (LU),3.7
Ruswil,4.3
Schenkon,5
Ottenbach,7.4
Schlierbach,4.3
Sempach,6.3
Sursee,13.1
Triengen,4.4
Wolhusen,3.8
Bäretswil,6
Bubikon,8.6
Alberswil,3.8
Altbüron,1.9
Altishofen,3.4
Dagmersellen,3.9
Egolzwil,3.7
Ettiswil,2.7
Fischbach,2.5
Dürnten,7.4
Grossdietwil,6.4
Hergiswil bei Willisau,1.4
Luthern,1.1
Menznau,2.1
Nebikon,4.7
Pfaffnau,4.8
Fischenthal,6.2
Reiden,4.2
Roggliswil,1.7
Schötz,4.3
Ufhusen,1.5
Wauwil,5.4
Wikon,5.9
Gossau (ZH),7
Zell (LU),3
Willisau,4.7
Grüningen,6.6
Hinwil,7.1
Rüti (ZH),9.4
Seegräben,10.1
Rifferswil,16.2
Wald (ZH),10.7
Altdorf (UR),N/A
Andermatt,N/A
Attinghausen,N/A
Bürglen (UR),N/A
Erstfeld,N/A
Flüelen,N/A
Göschenen,N/A
Gurtnellen,N/A
Wetzikon (ZH),10
Hospental,N/A
Isenthal,N/A
Realp,N/A
Schattdorf,N/A
Seedorf (UR),N/A
Seelisberg,N/A
Silenen,N/A
Sisikon,N/A
Spiringen,N/A
Unterschächen,N/A
Wassen,N/A
Stallikon,7
Einsiedeln,1.8
Adliswil,8.2
Gersau,3.9
Feusisberg,1.4
Freienbach,2.9
Wollerau,1.9
Küssnacht (SZ),2.9
Altendorf,2
Galgenen,2.5
Innerthal,0
Lachen,1.9
Reichenburg,3.2
Schübelbach,1.7
Tuggen,1.8
Vorderthal,1.1
Wangen (SZ),2.2
Kilchberg (ZH),7.3
Langnau am Albis,6.6
Alpthal,1
Arth,3.7
Illgau,1.5
Ingenbohl,4.7
Lauerz,2.6
Morschach,3.7
Muotathal,1.6
Oberiberg,1
Riemenstalden,0
Oberrieden,8
Rothenthurm,1.1
Sattel,1.1
Schwyz,5.2
Steinen,3.5
Steinerberg,1.7
Unteriberg,0.2
Richterswil,7.6
Rüschlikon,6.6
Wettswil am Albis,5.6
Alpnach,N/A
Engelberg,N/A
Giswil,N/A
Kerns,N/A
Lungern,N/A
Sachseln,N/A
Sarnen,N/A
Thalwil,7.8
Beckenried,N/A
Buochs,N/A
Dallenwil,N/A
Emmetten,N/A
Ennetbürgen,N/A
Ennetmoos,N/A
Hergiswil (NW),N/A
Oberdorf (NW),N/A
Stans,N/A
Erlenbach (ZH),6.9
Stansstad,N/A
Wolfenschiessen,N/A
Herrliberg,4.2
Hombrechtikon,7.1
Küsnacht (ZH),6.9
Männedorf,9
Meilen,6.7
Oetwil am See,6.7
Stäfa,9.1
Uetikon am See,7.7
Zumikon,4.7
Zollikon,6.2
Glarus Nord,N/A
Glarus Süd,N/A
Glarus,N/A
Baar,17
Cham,17.7
Hünenberg,15.8
Menzingen,13.3
Neuheim,11
Oberägeri,9.6
Risch,14.3
Steinhausen,19.5
Unterägeri,12
Walchwil,9.9
Zug,19.6
Fehraltorf,6.7
Hittnau,6.5
Lindau,6.1
Pfäffikon,8.7
Russikon,5.4
Weisslingen,5.6
Wila,6.5
Wildberg,3.8
Dübendorf,7.4
Egg,7.6
Fällanden,7.6
Greifensee,9.8
Maur,6.2
Mönchaltorf,7.1
Schwerzenbach,11
Uster,11.3
Volketswil,5.6
Affoltern am Albis,8.1
Wangen-Brüttisellen,5.1
Châtillon (FR),7.3
Cugy (FR),9
Fétigny,3.8
Gletterens,10.9
Lully (FR),6.3
Ménières,6.2
Montagny (FR),9.4
Nuvilly,12.6
Prévondavaux,3.1
Saint-Aubin (FR),7.5
Sévaz,13.6
Surpierre,6.7
Vallon,9.4
Les Montets,5.9
Delley-Portalban,8.5
Belmont-Broye,7.7
Estavayer,9.3
Cheyres-Châbles,10.1
Auboranges,5.7
Billens-Hennens,13.1
Chapelle (Glâne),13.4
Le Châtelard,4.3
Châtonnaye,9.4
Ecublens (FR),14.6
Grangettes,6.9
Massonnens,4.8
Mézières (FR),6.2
Montet (Glâne),12.5
Romont (FR),12.3
Rue,13.7
Siviriez,6.2
Ursy,7.8
Altikon,3.6
Vuisternens-devant-Romont,7.5
Villorsonnens,10.6
Torny,10.4
Villaz,8.6
Haut-Intyamon,5.5
Pont-en-Ogoz,9
Botterens,8.3
Broc,9
Bulle,10.8
Châtel-sur-Montsalvens,7.8
Corbières,11.5
Brütten,4.4
Crésuz,12.1
Echarlens,11.8
Grandvillard,7.9
Gruyères,10.1
Hauteville,10
Jaun,3.9
Dägerlen,8.1
Marsens,11.2
Morlon,12
Le Pâquier (FR),11.5
Pont-la-Ville,4.3
Riaz,8.7
La Roche,6.8
Dättlikon,6.5
Sâles,8.5
Sorens,8.8
Vaulruz,7.3
Dinhard,6.7
Vuadens,6.6
Bas-Intyamon,6.1
Val-de-Charmey,9.6
Autigny,7.9
Avry,12.8
Belfaux,10
Chénens,15
Ellikon an der Thur,6.1
Corminboeuf,14
Cottens (FR),8.5
Elsau,8
Ferpicloz,3.4
Fribourg,23.7
Givisiez,12.9
Granges-Paccot,16.9
Benken (ZH),7.7
Hagenbuch,2.8
Grolley,11.5
Marly,17
Matran,8.6
Hettlingen,7.2
Neyruz (FR),12.5
Pierrafortscha,8.8
Ponthaux,6.6
Le Mouret,10.3
Treyvaux,8.9
Villars-sur-Glâne,16.9
Neftenbach,5
Villarsel-sur-Marly,11
Hauterive (FR),10.3
La Brillaz,12.6
La Sonnaz,14.6
Gibloux,11.2
Prez,13.2
Bois-d'Amont,12.9
Pfungen,7.8
Rickenbach (ZH),7.3
Courgevaux,8.1
Courtepin,10.4
Cressier (FR),9.8
Fräschels,7.2
Schlatt (ZH),7
Greng,9.2
Gurmels,8.2
Kerzers,6.3
Kleinbösingen,9.2
Seuzach,4.9
Meyriez,10.1
Misery-Courtion,8.1
Muntelier,12.6
Murten,8.6
Ried bei Kerzers,5.4
Ulmiz,9.1
Turbenthal,5.9
Mont-Vully,11.9
Brünisried,8.7
Düdingen,12
Giffers,9.4
Bösingen,7.3
Heitenried,9.8
Plaffeien,7.1
Berg am Irchel,4
Winterthur,13.8
Plasselb,7
Rechthalten,8.5
St. Silvester,4.8
St. Ursen,12.2
Schmitten (FR),11.7
Tafers,12.1
Tentlingen,9.2
Ueberstorf,7.5
Wünnewil-Flamatt,9.2
Zell (ZH),7.2
Attalens,11.8
Bossonnens,14.2
Châtel-Saint-Denis,10.5
Granges (Veveyse),16
Remaufens,9.8
Saint-Martin (FR),13.2
Semsales,5.5
Le Flon,7.3
La Verrerie,7
Buch am Irchel,7.3
Egerkingen,3.2
Härkingen,4.3
Kestenholz,4.4
Neuendorf,4.4
Niederbuchsiten,2.3
Oberbuchsiten,5.7
Oensingen,5.6
Wolfwil,4.1
Aesch (ZH),4.1
Birmensdorf (ZH),7.8
Aedermannsdorf,2.9
Balsthal,5.4
Herbetswil,2.9
Holderbank (SO),4.2
Laupersdorf,4
Matzendorf,3.2
Mümliswil-Ramiswil,2
Dietikon,7.5
Welschenrohr-Gänsbrunnen,4
Geroldswil,4.2
Biezwil,6
Oberengstringen,7
Lüterkofen-Ichertswil,6.6
Lüterswil-Gächliwil,4.8
Messen,5.8
Oetwil an der Limmat,4.2
Schnottwil,6
Unterramsern,1.8
Lüsslingen-Nennigkofen,14.6
Buchegg,7.3
Schlieren,10.9
Bättwil,6.3
Büren (SO),12.7
Dornach,17.2
Gempen,13.5
Hochwald,12.6
Hofstetten-Flüh,9.6
Metzerlen-Mariastein,6.8
Nuglar-St. Pantaleon,13.5
Rodersdorf,16.2
Uitikon,5.2
Seewen,6.5
Witterswil,10.7
Unterengstringen,5.3
Hauenstein-Ifenthal,13
Kienberg,5.7
Lostorf,6.4
Niedergösgen,5.4
Obergösgen,5
Stüsslingen,6.8
Dachsen,8.7
Urdorf,6.3
Trimbach,12.5
Winznau,7.9
Wisen (SO),11.7
Erlinsbach (SO),9.9
Weiningen (ZH),5.4
Aeschi (SO),8.3
Biberist,11
Bolken,6.2
Deitingen,7.9
Derendingen,8.9
Etziken,6.2
Gerlafingen,6.6
Halten,8.7
Horriwil,8.1
Hüniken,12.9
Kriegstetten,5.6
Lohn-Ammannsegg,7.1
Luterbach,7.3
Obergerlafingen,4.2
Oekingen,11.3
Recherswil,5.4
Subingen,6.5
Zuchwil,12.2
Drei Höfe,7.7
Balm bei Günsberg,5.7
Bellach,7.2
Bettlach,4.3
Feldbrunnen-St. Niklaus,8.7
Flumenthal,7.8
Grenchen,5.6
Günsberg,7.7
Hubersdorf,9.7
Kammersrohr,17.7
Langendorf,11.4
Lommiswil,10.3
Oberdorf (SO),11.9
Riedholz,9.3
Rüttenen,12.1
Selzach,5.1
Boningen,3.4
Däniken,5.8
Dulliken,7.5
Eppenberg-Wöschnau,6.2
Fulenbach,5.9
Gretzenbach,6.4
Gunzgen,3.9
Hägendorf,6.6
Kappel (SO),5.6
Olten,19.5
Rickenbach (SO),7.3
Schönenwerd,9.7
Starrkirch-Wil,11.7
Walterswil (SO),4.4
Wangen bei Olten,9.9
Dorf,4
Solothurn,17.9
Zürich,14.7
Bärschwil,10.2
Beinwil (SO),2.7
Breitenbach,6.7
Büsserach,5.8
Erschwil,3.8
Fehren,5.3
Grindel,9.5
Himmelried,10.1
Kleinlützel,10.3
Meltingen,6.1
Nunningen,6.1
Zullwil,3.6
Feuerthalen,8
Basel,18.5
Bettingen,6.4
Riehen,8.4
Aesch (BL),8.1
Allschwil,9.4
Arlesheim,15.4
Biel-Benken,8.9
Binningen,10.3
Birsfelden,9.4
Bottmingen,8.9
Ettingen,8.3
Münchenstein,10.2
Muttenz,9.7
Oberwil (BL),10.4
Pfeffingen,8.4
Reinach (BL),7.9
Schönenbuch,8.2
Therwil,9.1
Blauen,8.3
Brislach,5.6
Burg im Leimental,9
Dittingen,13.7
Duggingen,11.5
Grellingen,7.2
Laufen,9.6
Liesberg,5.9
Nenzlingen,10.2
Roggenburg,8.1
Röschenz,5.4
Wahlen,6.9
Zwingen,4.1
Flaach,4.4
Arisdorf,6.3
Augst,5.5
Bubendorf,8.9
Frenkendorf,7.5
Füllinsdorf,6.5
Giebenach,6.3
Hersberg,10.1
Lausen,8.7
Liestal,14
Lupsingen,12
Pratteln,10.1
Ramlinsburg,10.5
Seltisberg,12.1
Ziefen,13
Anwil,14
Böckten,10.1
Buckten,12.8
Buus,10.1
Diepflingen,8
Gelterkinden,12.4
Häfelfingen,10.9
Hemmiken,9
Itingen,13
Känerkinden,3.6
Kilchberg (BL),11.1
Läufelfingen,9.9
Maisprach,15.1
Nusshof,11.5
Oltingen,25.2
Ormalingen,11.8
Rickenbach (BL),8.3
Rothenfluh,13.7
Rümlingen,4.6
Rünenberg,10.2
Sissach,14.3
Tecknau,9.2
Tenniken,8.7
Thürnen,9
Wenslingen,14.1
Wintersingen,9
Wittinsburg,8.8
Zeglingen,16.2
Zunzgen,8.2
Arboldswil,6.4
Bennwil,7.4
Bretzwil,5.2
Diegten,8
Eptingen,6.7
Hölstein,9.6
Lampenberg,7.6
Langenbruck,12.1
Lauwil,8.9
Liedertswil,2.3
Niederdorf,8.3
Oberdorf (BL),9.9
Reigoldswil,10
Titterten,12.3
Waldenburg,12.7
Flurlingen,10.8
Gächlingen,2
Löhningen,3.6
Neunkirch,3.2
Andelfingen,7.3
Büttenhardt,3.6
Dörflingen,4.5
Lohn (SH),4.6
Stetten (SH),2.7
Stammheim,6.3
Thayngen,3.1
Wädenswil,9.2
Bargen (SH),3
Beringen,3.3
Buchberg,3.8
Merishausen,5.1
Neuhausen am Rheinfall,5
Rüdlingen,5.2
Schaffhausen,6.3
Elgg,7
Horgen,7.5
Beggingen,4.2
Schleitheim,2.8
Siblingen,3.2
Illnau-Effretikon,7.5
Buch (SH),6.6
Hemishofen,5.4
Ramsen,2.1
Stein am Rhein,3.3
Bauma,5.2
Hallau,3.7
Oberhallau,1.8
Trasadingen,2.5
Wilchingen,3.2
Wiesendangen,5.9
Bonstetten,7.9
Herisau,N/A
Hundwil,N/A
Schönengrund,N/A
Schwellbrunn,N/A
Stein (AR),N/A
Urnäsch,N/A
Waldstatt,N/A
Aarberg,8.7
Bargen (BE),8.4
Bühler,N/A
Gais,N/A
Speicher,N/A
Teufen (AR),N/A
Trogen,N/A
Grossaffoltern,9.6
Grub (AR),N/A
Heiden,N/A
Lutzenberg,N/A
Rehetobel,N/A
Reute (AR),N/A
Wald (AR),N/A
Walzenhausen,N/A
Wolfhalden,N/A
Kallnach,6.4
Kappelen,5.2
Lyss,7
Meikirch,9.6
Radelfingen,6
Henggart,6.1
Rapperswil (BE),6.4
Appenzell,N/A
Gonten,N/A
Schlatt-Haslen,N/A
Schüpfen,9.2
Oberegg,N/A
Schwende-Rüte,N/A
Seedorf (BE),8.5
Häggenschwil,4.9
Muolen,4.6
St. Gallen,15.5
Wittenbach,6.5
Aarwangen,7.8
Berg (SG),9.3
Eggersriet,10.2
Goldach,7.5
Mörschwil,9.5
Rorschach,10.4
Rorschacherberg,7.2
Steinach,9.9
Tübach,7.3
Untereggen,6.7
Auswil,5.4
Bannwil,6.8
Au (SG),6.1
Balgach,8.3
Berneck,7.7
Diepoldsau,5.4
Rheineck,5.4
St. Margrethen,4.9
Thal,6.5
Widnau,6.9
Bleienbach,7.3
Busswil bei Melchnau,10
Altstätten,8.3
Eichberg,4.4
Marbach (SG),11.2
Oberriet (SG),3.7
Rebstein,8.7
Rüthi (SG),6.3
Gondiswil,5.1
Buchs (SG),7.4
Gams,6.2
Grabs,6.8
Sennwald,4.5
Sevelen,6.3
Wartau,6.3
Langenthal,8.8
Bad Ragaz,7.4
Flums,3.7
Mels,5
Pfäfers,3
Quarten,4.7
Sargans,8.1
Vilters-Wangs,6.4
Walenstadt,7.9
Kleinandelfingen,7.8
Lotzwil,6.4
Amden,5.8
Benken (SG),5.1
Kaltbrunn,7.5
Schänis,7.5
Weesen,12.4
Madiswil,11.1
Melchnau,8.6
Schmerikon,9.1
Uznach,10.3
Rapperswil-Jona,12.6
Gommiswald,5.4
Eschenbach (SG),5.9
Oeschenbach,3.4
Ebnat-Kappel,7
Wildhaus-Alt St. Johann,3.2
Reisiswil,6.3
Nesslau,4.3
Roggwil (BE),7.1
Lichtensteig,7.7
Wattwil,7.6
Rohrbach,5.5
Rohrbachgraben,3.2
Kirchberg (SG),5.7
Lütisburg,4.3
Mosnang,4.2
Bütschwil-Ganterschwil,4.2
Neckertal,6.6
Laufen-Uhwiesen,7
Rütschelen,10.9
Degersheim,10.1
Flawil,11.8
Jonschwil,6.4
Oberuzwil,8.9
Uzwil,8.1
Schwarzhäusern,3.4
Thunstetten,7.3
Niederbüren,2.8
Niederhelfenschwil,5.3
Oberbüren,5.6
Zuzwil (SG),6
Wil (SG),10.9
Ursenbach,7.6
Andwil (SG),5.9
Gaiserwald,7.6
Gossau (SG),6.5
Waldkirch,5.1
Wynau,6.4
Marthalen,7.5
Vaz/Obervaz,4.4
Bern,21.7
Lantsch/Lenz,2.2
Schmitten (GR),1.6
Bolligen,10.1
Bremgarten bei Bern,14.3
Kirchlindach,14.8
Albula/Alvra,2.4
Surses,3.7
Bergün Filisur,5.2
Köniz,15.4
Brusio,1
Muri bei Bern,10.1
Poschiavo,2
Oberbalm,7.2
Falera,2
Laax,4.1
Stettlen,9.4
Sagogn,9.6
Schluein,2.5
Vechigen,9.5
Wohlen bei Bern,12.9
Vals,4
Zollikofen,11.2
Lumnezia,3.3
Ilanz/Glion,5.7
Ittigen,10
Ostermundigen,10.3
Fürstenau,4.1
Rothenbrunnen,1.7
Scharans,7.4
Sils im Domleschg,3.9
Cazis,6.2
Flerden,3
Masein,6.9
Thusis,5.4
Tschappina,0.6
Urmein,0.7
Safiental,7.6
Domleschg,7.8
Avers,2.3
Sufers,7.3
Ossingen,7.9
Andeer,3.4
Biel/Bienne,19.5
Rongellen,8
Zillis-Reischen,4.4
Ferrera,2.8
Rheinwald,1.8
Muntogna da Schons,5.2
Evilard,19
Bonaduz,7
Domat/Ems,4.1
Rhäzüns,5.8
Felsberg,4.3
Flims,8.6
Tamins,8.5
Trin,5.2
Zernez,5.6
Samnaun,0.7
Scuol,5.9
Valsot,5.9
Bever,2.2
Celerina/Schlarigna,5
Madulain,0.8
Pontresina,3.6
La Punt Chamues-ch,6
Samedan,4.7
St. Moritz,2.7
S-chanf,5.7
Sils im Engadin/Segl,3.5
Silvaplana,1.8
Zuoz,4.3
Bregaglia,3.1
Rheinau,9.9
Buseno,0
Castaneda,6.3
Rossa,8.7
Arch,4.4
Santa Maria in Calanca,3.4
Büetigen,5.8
Lostallo,2.9
Mesocco,3
Soazza,1.7
Büren an der Aare,5.7
Cama,1.2
Grono,2.8
Roveredo (GR),4.3
San Vittore,2.7
Calanca,6.2
Val Müstair,6.3
Diessbach bei Büren,6.3
Davos,4.4
Dotzigen,9
Fideris,4.3
Furna,1.8
Jenaz,3.5
Lengnau (BE),5.2
Klosters,3
Leuzigen,2.7
Conters im Prättigau,4.8
Küblis,5.3
Luzein,4
Thalheim an der Thur,7.8
Meinisberg,6.7
Chur,8.1
Oberwil bei Büren,6.1
Churwalden,7.7
Pieterlen,7.3
Arosa,6.3
Rüti bei Büren,3.9
Tschiertschen-Praden,3.2
Wengi,6.9
Trimmis,4.1
Untervaz,4.2
Zizers,4.8
Fläsch,3.4
Jenins,4.5
Maienfeld,4
Malans,7.7
Landquart,4.7
Grüsch,4.4
Schiers,4.2
Seewis im Prättigau,6.1
Breil/Brigels,2.8
Disentis/Mustér,4
Medel (Lucmagn),2.8
Sumvitg,3.6
Tujetsch,2.5
Trun,8.3
Obersaxen Mundaun,2.6
Hausen am Albis,10
Trüllikon,5.8
Aarau,12.8
Biberstein,8.4
Buchs (AG),7.1
Densbüren,6.1
Erlinsbach (AG),7.7
Gränichen,6.1
Hirschthal,4.3
Küttigen,9.6
Muhen,3.5
Aefligen,5.1
Oberentfelden,4.6
Suhr,10.3
Unterentfelden,7
Alchenstorf,4.1
Baden,13.8
Bellikon,5.3
Bergdietikon,4.6
Birmenstorf (AG),4.1
Ennetbaden,12.9
Fislisbach,6.4
Freienwil,9.5
Gebenstorf,7.4
Bäriswil,4.3
Killwangen,5.7
Künten,6.3
Mägenwil,5.5
Mellingen,6.1
Neuenhof,5.7
Niederrohrdorf,6.3
Oberrohrdorf,4.9
Obersiggenthal,8.7
Remetschwil,3.8
Burgdorf,12.8
Spreitenbach,5.3
Stetten (AG),6.4
Turgi,14
Untersiggenthal,8.8
Wettingen,10.2
Wohlenschwil,8.4
Würenlingen,5.4
Würenlos,5.6
Ehrendingen,6.7
Ersigen,5.6
Hasle bei Burgdorf,6
Arni (AG),9.3
Berikon,4.3
Bremgarten (AG),7.4
Büttikon,2.1
Dottikon,4.4
Eggenwil,7.5
Fischbach-Göslikon,3.3
Hägglingen,4.3
Heimiswil,6.5
Jonen,6.7
Niederwil (AG),3.6
Oberlunkhofen,5.8
Oberwil-Lieli,6.9
Rudolfstetten-Friedlisberg,5
Sarmenstorf,6.3
Tägerig,4.3
Uezwil,2.5
Unterlunkhofen,7
Villmergen,4.1
Widen,5.6
Wohlen (AG),6.5
Zufikon,5.9
Islisberg,5.8
Hindelbank,7.9
Auenstein,5.4
Birr,3.8
Birrhard,4.9
Brugg,11.2
Habsburg,4.7
Truttikon,6.9
Höchstetten,3.1
Hausen (AG),3.3
Lupfig,7.1
Mandach,5
Mönthal,5.4
Mülligen,8.2
Kernenried,7.5
Remigen,4.8
Riniken,8.4
Rüfenach,7.5
Thalheim (AG),5.8
Kirchberg (BE),5.5
Veltheim (AG),7.2
Villigen,6
Villnachern,7.9
Windisch,11.9
Bözberg,8.1
Schinznach,8.2
Koppigen,5.3
Beinwil am See,9.3
Birrwil,8.3
Dürrenäsch,3.6
Gontenschwil,4.1
Holziken,1.5
Leimbach (AG),4.7
Leutwil,3.9
Menziken,5.2
Krauchthal,5.2
Oberkulm,4.7
Reinach (AG),5
Schlossrued,6.6
Schmiedrued,4.2
Schöftland,5.9
Teufenthal (AG),3.4
Unterkulm,6.2
Zetzwil,4.1
Lyssach,7.2
Eiken,5.9
Frick,6
Gansingen,6.6
Gipf-Oberfrick,7.2
Kaisten,5.3
Laufenburg,6.5
Münchwilen (AG),5.9
Oberhof,6.8
Oeschgen,4.6
Schwaderloch,1.9
Sisseln,4.1
Oberburg,4.9
Wittnau,9.1
Wölflinswil,5.9
Zeihen,7.1
Mettauertal,3.5
Böztal,5.3
Herznach-Ueken,5.4
Ammerswil,4.2
Boniswil,7.3
Brunegg,4.4
Dintikon,4.1
Egliswil,4.9
Fahrwangen,7
Hallwil,5.8
Hendschiken,5.7
Holderbank (AG),5.1
Rüdtligen-Alchenflüh,6.7
Hunzenschwil,3.5
Lenzburg,9.4
Meisterschwanden,4.1
Möriken-Wildegg,4.6
Niederlenz,8.1
Othmarsingen,4.5
Rupperswil,4.8
Schafisheim,7
Seengen,5.7
Seon,7.2
Rumendingen,11.9
Staufen,7.3
Rüti bei Lyssach,12.6
Abtwil,7.5
Aristau,4.3
Auw,6.7
Beinwil (Freiamt),3.4
Besenbüren,8.1
Bettwil,3.7
Boswil,4.7
Bünzen,5.5
Willadingen,2.3
Buttwil,6.1
Dietwil,1.6
Geltwil,1.5
Kallern,7.2
Merenschwand,4.6
Mühlau,3.4
Muri (AG),6.2
Oberrüti,2.8
Rottenschwil,2.7
Sins,3.5
Wynigen,4.1
Waltenschwil,4.6
Hellikon,4.4
Kaiseraugst,5.5
Magden,7.2
Möhlin,6
Mumpf,4.5
Obermumpf,7.6
Olsberg,7
Rheinfelden,8.7
Schupfart,3.5
Stein (AG),4.4
Wallbach,6.5
Wegenstetten,4.7
Zeiningen,8.2
Zuzgen,7.7
Aarburg,5.8
Bottenwil,5.2
Brittnau,6.7
Kirchleerau,3.4
Kölliken,6.9
Moosleerau,4.7
Murgenthal,5
Oftringen,5.5
Reitnau,5
Rothrist,4
Safenwil,4.6
Staffelbach,3.6
Strengelbach,5.6
Uerkheim,3
Vordemwald,7
Wiliberg,3.5
Zofingen,8.5
Volken,5
Böttstein,3.6
Döttingen,5.9
Endingen,6.3
Fisibach,3.9
Full-Reuenthal,5.8
Klingnau,6.8
Corgémont,12.7
Koblenz,5.4
Leibstadt,2.9
Lengnau (AG),5.9
Leuggern,3.9
Mellikon,14.7
Schneisingen,6.4
Siglistorf,4
Cormoret,18.8
Tegerfelden,7.7
Zurzach,5.6
Cortébert,10.2
Courtelary,15.1
La Ferrière,18.5
Mont-Tramelan,6.3
Orvin,11.4
Arbon,8.3
Dozwil,5.8
Renan (BE),17.1
Egnach,7.2
Hefenhofen,6.8
Romont (BE),10.6
Horn,5.9
Kesswil,13.5
Saint-Imier,14.9
Roggwil (TG),7.2
Romanshorn,9.6
Sonceboz-Sombeval,11.5
Salmsach,10.1
Sommeri,8.4
Sonvilier,15.8
Uttwil,8
Tramelan,12.3
Amriswil,7.7
Bischofszell,7.8
Erlen,5.9
Villeret,13.8
Hauptwil-Gottshaus,5.5
Sauge,17.5
Hohentannen,9.1
Péry-La Heutte,11.9
Kradolf-Schönenberg,7.3
Sulgen,4.8
Zihlschlacht-Sitterdorf,6
Basadingen-Schlattingen,9.2
Diessenhofen,9.6
Schlatt (TG),7.9
Aadorf,8.3
Felben-Wellhausen,4.5
Frauenfeld,11.5
Gachnang,8.4
Hüttlingen,6.7
Matzingen,8.3
Neunforn,7.7
Stettfurt,7.9
Thundorf,9.2
Uesslingen-Buch,9.4
Warth-Weiningen,9.6
Altnau,9.4
Bottighofen,9.2
Ermatingen,13.9
Gottlieben,15.2
Güttingen,7.8
Kemmental,6.6
Kreuzlingen,10.4
Langrickenbach,6
Lengwil,8.4
Münsterlingen,11.1
Tägerwilen,9.8
Wäldi,5.9
Affeltrangen,5.9
Bettwiesen,5.3
Bichelsee-Balterswil,7
Braunau,7.2
Eschlikon,10.6
Fischingen,7.6
Lommis,5.8
Münchwilen (TG),8.5
Rickenbach (TG),7.9
Schönholzerswilen,11.5
Sirnach,7.1
Tobel-Tägerschen,3.9
Wängi,8
Wilen (TG),10.2
Wuppenau,8.3
Berlingen,10.2
Eschenz,8.9
Herdern,8.9
Homburg,5.5
Hüttwilen,9.6
Mammern,12.6
Müllheim,7.6
Pfyn,8.1
Raperswilen,7.5
Salenstein,8.9
Steckborn,10.2
Wagenhausen,10.3
Amlikon-Bissegg,5
Berg (TG),5.5
Birwinken,6.8
Brüttelen,10.4
Bürglen (TG),4.8
Erlach,12.8
Bussnang,5.8
Finsterhennen,4.4
Gals,8.7
Märstetten,6.7
Weinfelden,7.9
Gampelen,6.3
Wigoltingen,7.4
Ins,11.3
Lüscherz,5.4
Müntschemier,4.8
Siselen,5.3
Hedingen,7.4
Treiten,4.7
Arbedo-Castione,8.8
Bellinzona,9.5
Cadenazzo,4.1
Isone,1
Tschugg,14.1
Lumino,7.1
Sant'Antonino,5.4
Vinelz,10.4
Acquarossa,6
Blenio,5.8
Serravalle,6.2
Airolo,3.7
Bedretto,4.8
Bodio,4.4
Dalpe,6.3
Faido,5.2
Giornico,6.6
Personico,7.7
Pollegio,5.3
Prato (Leventina),6.5
Quinto,6.8
Ascona,8.9
Brione sopra Minusio,7
Brissago,8.7
Bachenbülach,6.8
Gordola,7.9
Lavertezzo,10.9
Locarno,11.2
Losone,9.6
Mergoscia,16.6
Minusio,10.1
Muralto,8.2
Orselina,13.8
Ronco sopra Ascona,10.8
Tenero-Contra,10.8
Onsernone,24.8
Cugnasco-Gerra,10.3
Agno,5.6
Aranno,16.1
Arogno,17.1
Astano,23.3
Bedano,8.3
Bedigliora,16.5
Bioggio,7.4
Bissone,5.5
Brusino Arsizio,8.1
Cademario,5.4
Cadempino,6.3
Canobbio,5.9
Caslano,8.5
Comano,10.3
Cureglia,9.6
Curio,10.5
Grancia,1.9
Gravesano,8.9
Lamone,10.8
Lugano,8.9
Magliaso,9
Manno,7.5
Massagno,8.1
Melide,6.4
Mezzovico-Vira,4.3
Bassersdorf,6.1
Miglieglia,13.8
Morcote,4.9
Muzzano,10.7
Neggio,9.1
Novaggio,15.7
Origlio,11.8
Paradiso,7.2
Ponte Capriasca,11.3
Porza,4.9
Pura,8.8
Savosa,10.9
Sorengo,9.4
Capriasca,11
Torricella-Taverne,8.3
Vernate,7.6
Vezia,10.6
Vico Morcote,9.4
Collina d'Oro,7.2
Alto Malcantone,12
Monteceneri,5.1
Tresa,10.6
Val Mara,12.5
Balerna,11.1
Castel San Pietro,8.6
Chiasso,7.9
Coldrerio,10
Mendrisio,10.1
Morbio Inferiore,9.5
Novazzano,6.7
Riva San Vitale,10.6
Stabio,8.3
Vacallo,8.7
Breggia,11.2
Biasca,5
Riviera,5.8
Bülach,8.7
Bosco/Gurin,12.5
Campo (Vallemaggia),3.9
Cerentino,2.1
Cevio,11.5
Linescio,7.8
Maggia,8.6
Lavizzara,2.6
Avegno Gordevio,12.3
Bätterkinden,7.7
Fraubrunnen,9.3
Terre di Pedemonte,17.8
Centovalli,16.1
Gambarogno,9.6
Verzasca,10
Dietlikon,6.8
Jegenstorf,9.7
Aigle,11.3
Bex,12.8
Chessel,17
Corbeyrier,17.6
Gryon,12.7
Lavey-Morcles,10.4
Leysin,11.6
Noville,5.9
Ollon,13
Iffwil,9.6
Ormont-Dessous,8.2
Ormont-Dessus,6.4
Rennaz,11.9
Roche (VD),7
Villeneuve (VD),11
Yvorne,13
Aubonne,12.8
Ballens,11.8
Berolle,12.3
Bière,7.7
Bougy-Villars,7.4
Féchy,8.3
Gimel,12
Longirod,15.9
Mattstetten,9.2
Marchissy,11.1
Mollens (VD),10.6
Saint-George,15.9
Saint-Livres,13.1
Saint-Oyens,11.9
Saubraz,9.4
Moosseedorf,7
Avenches,8
Cudrefin,7.6
Faoug,10.3
Münchenbuchsee,9.3
Vully-les-Lacs,8.8
Bettens,9.6
Bournens,6.9
Boussens,13.9
La Chaux (Cossonay),15.9
Chavannes-le-Veyron,13.5
Chevilly,14.5
Cossonay,13.5
Cuarnens,6.5
Daillens,24.2
Dizy,12.8
Eclépens,14
Ferreyres,27.6
Gollion,13
Grancy,16
L'Isle,11.7
Lussery-Villars,13.3
Mauraz,12.2
Mex (VD),5.4
Moiry,16.3
Mont-la-Ville,10.6
Montricher,7.9
Orny,19.2
Penthalaz,15.2
Penthaz,11.1
Pompaples,14.6
La Sarraz,17.7
Senarclens,6.5
Eglisau,7.9
Sullens,9.2
Vufflens-la-Ville,16.5
Urtenen-Schönbühl,7.2
Assens,6.2
Bercher,13.6
Bottens,12.2
Bretigny-sur-Morrens,14.5
Cugy (VD),13.1
Echallens,13.3
Utzenstorf,6.7
Essertines-sur-Yverdon,10.7
Etagnières,14.1
Fey,9.4
Froideville,8.5
Morrens (VD),13
Oulens-sous-Echallens,7.4
Wiggiswil,8.7
Pailly,5.8
Penthéréaz,7.5
Poliez-Pittet,4.6
Rueyres,6.2
Saint-Barthélemy (VD),6.8
Villars-le-Terroir,9.8
Vuarrens,7.3
Wiler bei Utzenstorf,6.5
Montilliez,9.4
Goumoëns,12.4
Bonvillars,11.9
Bullet,6.3
Champagne,11.2
Concise,10.2
Corcelles-près-Concise,9
Fiez,12.6
Fontaines-sur-Grandson,20.1
Giez,10
Zielebach,0.2
Grandevent,19.6
Grandson,14.2
Mauborget,15.5
Mutrux,14.4
Novalles,11.7
Onnens (VD),14
Provence,9.9
Sainte-Croix,8.9
Zuzwil (BE),9.2
Tévenon,13.8
Belmont-sur-Lausanne,12.9
Cheseaux-sur-Lausanne,11.8
Crissier,11.5
Epalinges,13.9
Jouxtens-Mézery,13.5
Lausanne,20
Le Mont-sur-Lausanne,14.3
Paudex,10.4
Prilly,15.9
Pully,13.6
Renens (VD),13.8
Romanel-sur-Lausanne,10.5
Embrach,5.7
Chexbres,14
Forel (Lavaux),12.1
Lutry,12.2
Puidoux,12.2
Rivaz,12
Adelboden,2.6
Saint-Saphorin (Lavaux),13.5
Savigny,15.2
Bourg-en-Lavaux,15.8
Aeschi bei Spiez,5.1
Aclens,11.6
Bremblens,11.5
Buchillon,12.1
Bussigny,12.6
Chavannes-près-Renens,14
Chigny,16.9
Clarmont,10.7
Frutigen,2.9
Denens,9.7
Denges,17.7
Echandens,12
Echichens,14.7
Ecublens (VD),13.6
Etoy,11.3
Lavigny,12.1
Lonay,11.8
Lully (VD),12.3
Kandergrund,2.3
Lussy-sur-Morges,19.9
Morges,15.3
Préverenges,13.3
Romanel-sur-Morges,10.1
Saint-Prex,12.8
Saint-Sulpice (VD),13.6
Tolochenaz,14.6
Kandersteg,6.7
Vaux-sur-Morges,13.8
Villars-Sainte-Croix,7.2
Villars-sous-Yens,14.9
Vufflens-le-Château,11.2
Vullierens,13.7
Yens,11.9
Hautemorges,14.8
Krattigen,7.4
Boulens,10
Bussy-sur-Moudon,10.7
Chavannes-sur-Moudon,2.4
Curtilles,9.9
Reichenbach im Kandertal,3.6
Dompierre (VD),10.8
Hermenches,7.8
Lovatens,21.3
Lucens,9.4
Moudon,11.9
Ogens,14.5
Prévonloup,4.3
Rossenges,1.3
Syens,12.4
Villars-le-Comte,4.5
Vucherens,15.3
Montanaire,10.9
Freienstein-Teufen,6.8
Arnex-sur-Nyon,7.2
Arzier-Le Muids,12.4
Bassins,13.4
Begnins,13.4
Bogis-Bossey,12.5
Borex,7.5
Chavannes-de-Bogis,7.1
Chavannes-des-Bois,12.3
Chéserex,9.8
Beatenberg,8.3
Coinsins,11.2
Commugny,10.2
Coppet,9
Crans (VD),6.4
Crassier,7.3
Duillier,10.3
Eysins,14.1
Founex,10.8
Genolier,10.5
Gingins,10.3
Bönigen,7.6
Givrins,15.9
Gland,11.5
Grens,12.5
Mies,12.4
Nyon,16.5
Prangins,13.7
La Rippe,10.4
Saint-Cergue,12.7
Signy-Avenex,5.9
Tannay,11.7
Brienz (BE),7.6
Trélex,12
Le Vaud,8.7
Vich,15.4
Brienzwiler,11
L'Abergement,14.2
Agiez,6.1
Arnex-sur-Orbe,14.1
Ballaigues,8.8
Baulmes,17.7
Bavois,12.1
Bofflens,4.6
Bretonnières,14.8
Chavornay,11.5
Därligen,6
Les Clées,11.3
Croy,14.3
Juriens,8.9
Lignerolle,11
Montcherand,8.8
Orbe,11.8
La Praz,14.8
Premier,6.2
Grindelwald,3.5
Rances,10.4
Romainmôtier-Envy,23.1
Sergey,14.3
Valeyres-sous-Rances,7.5
Vallorbe,9
Vaulion,9.1
Vuiteboeuf,12.2
Gsteigwiler,9.8
Gündlischwand,4.5
Corcelles-le-Jorat,8.8
Habkern,2.9
Maracon,18.7
Montpreveyres,17
Ropraz,10.5
Servion,13.6
Glattfelden,7
Hofstetten bei Brienz,9
Vulliens,8.9
Jorat-Menthue,8.3
Oron,12.4
Jorat-Mézières,11.8
Interlaken,8.7
Champtauroz,7.3
Chevroux,9.6
Corcelles-près-Payerne,6.4
Grandcour,6.3
Henniez,2.4
Iseltwald,2.3
Missy,8.8
Payerne,5.4
Trey,10.6
Treytorrens (Payerne),6.2
Villarzel,13.3
Valbroye,7.1
Lauterbrunnen,3.3
Château-d'Oex,6.6
Rossinière,10
Rougemont,3.5
Leissigen,5.1
Allaman,14.8
Bursinel,13
Bursins,10.1
Burtigny,10
Dully,8.3
Essertines-sur-Rolle,11.5
Gilly,11.2
Luins,8.8
Mont-sur-Rolle,10
Lütschental,1.9
Perroy,10.7
Rolle,13.4
Tartegnin,4.3
Vinzel,11.7
Matten bei Interlaken,7.7
L'Abbaye,8.3
Le Chenit,7.1
Le Lieu,10.6
Niederried bei Interlaken,10.2
Chardonne,12.7
Corseaux,12.7
Corsier-sur-Vevey,13.2
Jongny,15.6
Montreux,11.7
La Tour-de-Peilz,14.8
Oberried am Brienzersee,9.8
Vevey,16.8
Veytaux,9.6
Blonay - Saint-Légier,12.2
Hochfelden,5.3
Ringgenberg (BE),7.6
Belmont-sur-Yverdon,7.4
Bioley-Magnoux,11.9
Chamblon,6.7
Champvent,9
Chavannes-le-Chêne,7.5
Chêne-Pâquier,20
Cheseaux-Noréaz,8
Saxeten,6.8
Cronay,6.4
Cuarny,6.1
Démoret,5.6
Donneloye,12.5
Ependes (VD),7.7
Mathod,8
Schwanden bei Brienz,6.9
Molondin,9.1
Montagny-près-Yverdon,6.3
Oppens,20.3
Orges,6.9
Orzens,11.3
Pomy,12.5
Rovray,2.8
Suchy,6.4
Unterseen,7.7
Suscévaz,9.9
Treycovagnes,11.3
Ursins,4.8
Valeyres-sous-Montagny,11.6
Valeyres-sous-Ursins,11
Villars-Epeney,0
Vugelles-La Mothe,3.6
Yverdon-les-Bains,13.5
Yvonand,12.1
Wilderswil,5.4
Kappel am Albis,6
Höri,2.6
Brig-Glis,4.9
Eggerberg,3.7
Naters,3.8
Ried-Brig,4.2
Simplon,3.5
Termen,3.2
Zwischbergen,1
Arni (BE),4
Ardon,6.8
Chamoson,10.5
Conthey,8.8
Nendaz,8
Vétroz,8.4
Biglen,4.2
Bourg-Saint-Pierre,3.5
Liddes,3.5
Orsières,5.3
Sembrancher,7.1
Val de Bagnes,10.2
Bowil,4.8
Bellwald,4.8
Binn,2.1
Ernen,12.4
Fiesch,3.9
Fieschertal,3.7
Brenzikofen,5.3
Lax,2.9
Freimettigen,3.5
Obergoms,4.5
Goms,6.9
Grosshöchstetten,7
Ayent,15.4
Evolène,4.2
Hérémence,5.9
Saint-Martin (VS),5.9
Vex,7.3
Häutligen,5.5
Mont-Noble,17.5
Hüntwangen,6.8
Herbligen,6.4
Agarn,1
Albinen,12
Ergisch,0.9
Inden,7.6
Kiesen,4.8
Leuk,3.9
Leukerbad,5.1
Oberems,6.4
Salgesch,3.7
Varen,3.3
Guttet-Feschel,3.1
Gampel-Bratsch,3.3
Turtmann-Unterems,2.5
Konolfingen,6.1
Landiswil,4.2
Bovernier,9.1
Fully,10.8
Isérables,1.9
Leytron,6.3
Martigny,11.2
Martigny-Combe,12.1
Riddes,7.1
Linden,3.4
Saillon,10.3
Saxon,6.1
Trient,14.9
Mirchel,4.3
Champéry,7.1
Collombey-Muraz,8.7
Monthey,8.7
Port-Valais,9.3
Saint-Gingolph,6.9
Troistorrents,7.6
Val-d'Illiez,6.2
Vionnaz,7.8
Vouvry,8.6
Münsingen,11.6
Niederhünigen,7.4
Bister,22.4
Bitsch,6.9
Grengiols,14.2
Riederalp,7.3
Oberdiessbach,7.3
Ausserberg,2.8
Blatten,3.8
Bürchen,1.9
Eischoll,1.3
Ferden,2.5
Kippel,2.1
Niedergesteln,2.1
Raron,2
Kloten,6.9
Oberthal,3.7
Unterbäch,2.8
Wiler (Lötschen),2.3
Mörel-Filet,6.3
Steg-Hohtenn,1.7
Bettmeralp,6.7
Collonges,7.9
Dorénaz,4.6
Evionnaz,7.3
Finhaut,16.5
Massongex,6.7
Saint-Maurice,12.1
Salvan,23.3
Vernayaz,14.1
Oppligen,9.2
Vérossaz,10.6
Rubigen,8.9
Chalais,12
Chippis,10.2
Grône,7.2
Icogne,17.3
Lens,7.3
Saint-Léonard,8.2
Sierre,12
Anniviers,8.2
Crans-Montana,10.4
Noble-Contrée,11.5
Walkringen,5.7
Arbaz,21.3
Grimisuat,15.2
Savièse,8.7
Sion,15.3
Veysonnaz,14.4
Worb,9.7
Zäziwil,5.6
Baltschieder,4.5
Eisten,0.6
Embd,0.4
Grächen,1
Lalden,2.3
Randa,3.1
Saas-Almagell,0.8
Saas-Balen,0.9
Saas-Fee,2.6
Saas-Grund,0.6
St. Niklaus,1.1
Stalden (VS),0.8
Staldenried,1.3
Täsch,3.3
Törbel,2.5
Visp,3.6
Visperterminen,3.5
Zeneggen,5.8
Lufingen,3.8
Allmendingen,7.4
Zermatt,3.2
Wichtrach,6.6
Nürensdorf,3.6
Boudry,14.7
Cortaillod,15.8
Rochefort,23.6
Milvignes,15.8
La Grande Béroche,14.5
La Chaux-de-Fonds,17.3
Les Planchettes,11.2
La Sagne,11.7
La Brévine,5.7
Brot-Plamboz,4.5
Le Cerneux-Péquignot,12.3
La Chaux-du-Milieu,10.2
Le Locle,12.4
Les Ponts-de-Martel,9.1
Cornaux,12.7
Cressier (NE),15.1
Enges,25.1
Hauterive (NE),15.6
Le Landeron,13.9
Lignières,12.5
Neuchâtel,20.2
Saint-Blaise,18
La Tène,20
Val-de-Ruz,16.6
Oberembrach,5
La Côte-aux-Fées,5.9
Les Verrières,7.2
Val-de-Travers,9
Opfikon,6.5
Aire-la-Ville,15.6
Anières,8.9
Avully,14.6
Avusy,16.9
Bardonnex,16.1
Bellevue,12.7
Bernex,15.6
Carouge (GE),19.8
Cartigny,17.8
Céligny,14.1
Chancy,13.9
Chêne-Bougeries,11.5
Chêne-Bourg,15.9
Choulex,16.6
Collex-Bossy,17.9
Collonge-Bellerive,9.1
Cologny,7.2
Confignon,17.6
Corsier (GE),7
Ferenbalm,8.6
Dardagny,15.9
Genève,16.9
Genthod,14.5
Le Grand-Saconnex,17.7
Gy,11.5
Hermance,12
Jussy,16
Laconnex,16.6
Lancy,14.2
Meinier,14.8
Frauenkappelen,9.6
Meyrin,15
Onex,12.5
Perly-Certoux,8.8
Plan-les-Ouates,15.8
Pregny-Chambésy,14.3
Presinge,16.1
Puplinge,15.4
Russin,15.9
Satigny,15.6
Soral,14.2
Thônex,12.5
Troinex,17.1
Vandoeuvres,10.4
Vernier,12.7
Versoix,17.1
Veyrier,13.2
Gurbrü,5.3
Kriechenwil,3.5
Laupen,10.9
Mühleberg,5.8
Münchenwiler,8.3
Rafz,6.5
Neuenegg,7
Boécourt,10.3
Bourrignon,13.4
Châtillon (JU),9.5
Courchapoix,7.1
Courrendlin,9.6
Courroux,10.3
Wileroltigen,5.6
Courtételle,10.8
Delémont,17.6
Develier,6.3
Ederswiler,0
Mervelier,17.5
Mettembert,19.1
Movelier,13.9
Pleigne,8.5
Rossemaison,14
Saulcy,14.5
Soyhières,13.2
Haute-Sorne,9.1
Val Terbi,11.4
Le Bémont (JU),12
Les Bois,17.2
Les Breuleux,11.7
Les Enfers,33.6
Les Genevez (JU),11.3
Lajoux (JU),22
Montfaucon,18.2
Muriaux,11.2
Le Noirmont,14.8
Saignelégier,16
Saint-Brais,16.2
Soubey,6.2
Alle,4.8
Beurnevésin,2.1
Boncourt,4.6
Bonfol,7.6
Bure,5.5
Coeuve,6.6
Cornol,10.5
Courchavon,6.9
Courgenay,5.7
Courtedoux,7.3
Fahy,7.1
Fontenais,8.9
Grandfontaine,2.8
Rorbas,7.5
Porrentruy,10.4
Vendlincourt,4.8
Basse-Allaine,4.2
Clos du Doubs,9.6
Haute-Ajoie,8
Belprahon,8.2
La Baroche,10.5
Damphreux-Lugnez,5.1
Champoz,1.6
Corcelles (BE),4.7
Wallisellen,6.8
Court,4.4
Crémines,11.4
Eschert,4.5
Grandval,13.2
Loveresse,4.9
Knonau,7
Wasterkingen,6.3
Moutier,11.7
Perrefitte,10.4
Reconvilier,7.2
Roches (BE),3.9
Saicourt,5.5
Saules (BE),1.9
Schelten,36.6
Seehof,4.5
Wil (ZH),6.3
Sorvilier,13
Tavannes,7.3
Rebévelier,14.6
Petit-Val,10.9
Valbirse,8
Winkel,3.3
La Neuveville,24.2
Nods,16.1
Plateau de Diesse,21.6
Aegerten,5.4
Bellmund,7.5
Brügg,12.8
Bühl,6.7
Epsach,4.7
Hagneck,10.7
Hermrigen,2.8
Jens,6.6
Ipsach,10
Ligerz,16.4
Merzligen,10.3
Mörigen,5.6
Nidau,14.9
Orpund,4.9
Port,8.4
Safnern,4.9
Scheuren,8.6
Schwadernau,4.7
Studen (BE),4.5
Sutz-Lattrigen,11.3
Täuffelen,8.7
Walperswil,6
Worben,5.7
Twann-Tüscherz,11.3
Därstetten,2.9
Diemtigen,2.4
Erlenbach im Simmental,4.8
Oberwil im Simmental,2.1
Reutigen,4.5
Spiez,8.6
Wimmis,6.2
Stocken-Höfen,4.6
Guttannen,13.1
Hasliberg,7.9
Innertkirchen,5.1
Meiringen,9.3
Schattenhalb,7.1
Boltigen,2.8
Lenk,4.6
St. Stephan,2.7
Zweisimmen,4.3
Maschwanden,7.8
Bachs,7.3
Boppelsen,6.2
Buchs (ZH),3.8
Dällikon,6.2
Gsteig,2.1
Lauenen,1.7
Saanen,3.4
Dänikon,5.1
Guggisberg,5.3
Rüschegg,7.5
Schwarzenburg,8.8
Dielsdorf,5.8
Belp,6.5
Burgistein,8.8
Gerzensee,7.8
Gurzelen,8.6
Jaberg,15.9
Kaufdorf,13
Hüttikon,4.6
Kehrsatz,10.5
Kirchdorf (BE),7.5
Riggisberg,5.9
Neerach,4.9
Rüeggisberg,5.5
Seftigen,6.5
Toffen,7.2
Uttigen,6
Wattenwil,6.6
Wald (BE),8.9
Thurnen,11.2
Niederglatt,3.7
Mettmenstetten,7.7
Niederhasli,4.8
Eggiwil,3.2
Langnau im Emmental,10.4
Lauperswil,6.3
Röthenbach im Emmental,1.8
Rüderswil,4.3
Schangnau,2.7
Signau,4.5
Trub,5.8
Trubschachen,8.6
Niederweningen,10.7
Oberglatt,6.7
Amsoldingen,7.8
Blumenstein,5.4
Buchholterberg,4.1
Eriz,2
Fahrni,8
Heiligenschwendi,11.8
Heimberg,5.4
Hilterfingen,12.8
Oberweningen,7.2
Homberg,4.4
Horrenbach-Buchen,4.4
Oberhofen am Thunersee,9.2
Oberlangenegg,3.9
Pohlern,1.5
Sigriswil,5.2
Steffisburg,7.9
Otelfingen,5.2
Teuffenthal (BE),0.9
Thierachern,5.7
Thun,11.3
Uebeschi,4.8
Uetendorf,5.3
Unterlangenegg,5.3
Wachseldorn,2.2
Zwieselberg,3.3
Forst-Längenbühl,5.8
Regensberg,10
Affoltern im Emmental,3.1
Dürrenroth,3.7
Eriswil,4.7
Huttwil,6.7
Lützelflüh,7.6
Rüegsau,3.4
Sumiswald,5.2
Trachselwald,7.5
Walterswil (BE),5.8
Regensdorf,5.5
Wyssachen,4.5
Rümlang,5.7
Attiswil,6.5
Berken,1.9
Bettenhausen,6.1
Farnern,2
Graben,9.2
Heimenhausen,6.8
Herzogenbuchsee,8.5
Schleinikon,10.4
Inkwil,5.4
Niederbipp,4.7
Niederönz,8.7
Oberbipp,6.7
Ochlenberg,9.1
Rumisberg,2.6
Seeberg,5.9
Thörigen,3.6
Schöfflisdorf,7.4
Walliswil bei Niederbipp,1.4
Walliswil bei Wangen,4.9
Wangen an der Aare,5.3
Wangenried,3.6
Wiedlisbach,8.3
