Municipality,Mean Income
Aeugst am Albis,88096.61172
Affoltern am Albis,61720.39727
Bonstetten,76270.82481
Hausen am Albis,83107.02519
Hedingen,80418.79028
Kappel am Albis,79659.14634
Knonau,72001.68209
Maschwanden,64214.69741
Mettmenstetten,74324.25386
Obfelden,66433.66902
Ottenbach,72260.30687
Rifferswil,79165.0519
Stallikon,85179.27142
Wettswil am Albis,99352.236
Adlikon,65570.65217
Benken (ZH),70089.89474
Berg am Irchel,103305.7637
Buch am Irchel,70956.34058
Dachsen,69675.88583
Dorf,68301.35135
Feuerthalen,64670.93023
Flaach,65169.35065
Flurlingen,75326.62791
Andelfingen,73672.08122
Henggart,65868.94061
Humlikon,77947.38956
Kleinandelfingen,67239.37341
Laufen-Uhwiesen,77928.45528
Marthalen,68436.36364
Ossingen,62099.58974
Rheinau,59930.74753
Thalheim an der Thur,68670.60998
Trüllikon,63250.25554
Truttikon,61218.65079
Volken,67688.94231
Bachenbülach,67637.40526
Bassersdorf,66229.30953
Bülach,61820.59853
Dietlikon,67710.18062
Eglisau,73262.41007
Embrach,60835.73364
Freienstein-Teufen,69080.98485
Glattfelden,63380.61768
Hochfelden,67956.98006
Höri,58087.25231
Hüntwangen,72232.59005
Kloten,58026.02812
Lufingen,79235.37214
Nürensdorf,82304.64464
Oberembrach,73588.46154
Opfikon,60865.08793
Rafz,66581.54907
Rorbas,61492.13406
Wallisellen,73745.99439
Wasterkingen,62955.98802
Wil (ZH),75803.15789
Winkel,108642.4343
Bachs,69092.28571
Boppelsen,97230.52632
Buchs (ZH),64633.0855
Dällikon,62347.02774
Dänikon,66989.25184
Dielsdorf,62730.68683
Hüttikon,98748.49188
Neerach,93922.23967
Niederglatt,61392.03704
Niederhasli,61793.91339
Niederweningen,70075.34743
Oberglatt,54770.55008
Oberweningen,70658.38207
Otelfingen,72727.50831
Regensberg,84380.47809
Regensdorf,60854.4278
Rümlang,60514.22961
Schleinikon,64950.60484
Schöfflisdorf,76080.9589
Stadel,65537.66716
Steinmaur,67230.76099
Weiach,59928.12777
Bäretswil,64423.72026
Bubikon,70260.48527
Dürnten,62033.86243
Fischenthal,55171.6954
Gossau (ZH),67363.3537
Grüningen,67024.50142
Hinwil,61512.26845
Rüti (ZH),55504.93088
Seegräben,67528.46154
Wald (ZH),53779.11482
Wetzikon (ZH),57975.33128
Adliswil,73608.78089
Kilchberg (ZH),133401.7646
Langnau am Albis,77272.83737
Oberrieden,97132.24744
Richterswil,75482.84939
Rüschlikon,125861.0353
Thalwil,91656.29506
Erlenbach (ZH),141324.0821
Herrliberg,136285.9791
Hombrechtikon,64546.6114
Küsnacht (ZH),141808.9747
Männedorf,86047.8048
Meilen,109450.1663
Oetwil am See,59368.542
Stäfa,82979.9388
Uetikon am See,93296.37121
Zumikon,145520.4377
Zollikon,135526.7378
Fehraltorf,68679.10832
Hittnau,68889.26853
Lindau,70679.699
Pfäffikon,67706.68671
Russikon,75710.94017
Weisslingen,74287.06129
Wila,56229.02655
Wildberg,71871.99282
Dübendorf,67077.62668
Egg,78146.2278
Fällanden,73973.02363
Greifensee,78117.62425
Maur,91254.30592
Mönchaltorf,64617.13521
Schwerzenbach,67797.6
Uster,67905.91588
Volketswil,67031.31253
Wangen-Brüttisellen,72047.10983
Altikon,63887.05584
Brütten,85901.71086
Dägerlen,65683.58459
Dättlikon,88222.05514
Dinhard,75652.92865
Ellikon an der Thur,70213.81119
Elsau,64417.05822
Hagenbuch,60171.66124
Hettlingen,84861.15065
Neftenbach,73244.04145
Pfungen,60163.04348
Rickenbach (ZH),64269.35154
Schlatt (ZH),62412.5964
Seuzach,75890.19424
Turbenthal,54088.26152
Winterthur,57395.2129
Zell (ZH),56219.4106
Aesch (ZH),100050.1119
Birmensdorf (ZH),73938.91817
Dietikon,52383.30397
Geroldswil,69211.75352
Oberengstringen,63070.89471
Oetwil an der Limmat,79425.58764
Schlieren,55670.45368
Uitikon,129715.9392
Unterengstringen,75657.29681
Urdorf,64161.98712
Weiningen (ZH),70504.37137
Zürich,68646.69291
Stammheim,64796.2963
Wädenswil,71536.12226
Elgg,60921.36815
Horgen,80099.62509
Illnau-Effretikon,59425.61888
Bauma,58327.44807
Wiesendangen,72385.13854
Aarberg,58129.98873
Bargen (BE),54333.85689
Grossaffoltern,57832.02247
Kallnach,58056.25498
Kappelen,62107.6179
Lyss,56742.29284
Meikirch,69974.51253
Radelfingen,59189.81233
Rapperswil (BE),62943.38624
Schüpfen,60380.45455
Seedorf (BE),59594.51908
Aarwangen,53694.1087
Auswil,44338.28125
Bannwil,55586.28429
Bleienbach,51180.42453
Busswil bei Melchnau,55963.06306
Gondiswil,46495.34314
Langenthal,53536.14136
Lotzwil,53327.05803
Madiswil,50878.60934
Melchnau,50278.85784
Oeschenbach,46066.66667
Reisiswil,49469.23077
Roggwil (BE),49887.37698
Rohrbach,45969.48408
Rohrbachgraben,42269.19431
Rütschelen,49847.66667
Schwarzhäusern,57192.51701
Thunstetten,54964.45498
Ursenbach,45522.5
Wynau,52160.27397
Bern,56903.91923
Bolligen,72496.64677
Bremgarten bei Bern,76687.26813
Kirchlindach,75855.39054
Köniz,61162.52596
Muri bei Bern,84304.49156
Oberbalm,53578.93701
Stettlen,74339.74918
Vechigen,64761.49337
Wohlen bei Bern,68393.34731
Zollikofen,59700.08259
Ittigen,61401.32221
Ostermundigen,51597.78972
Biel/Bienne,45791.63189
Evilard,79432.64873
Arch,54786.68639
Büetigen,56625.20161
Büren an der Aare,56320.91663
Diessbach bei Büren,60926.03978
Dotzigen,54041.86321
Lengnau (BE),52281.2069
Leuzigen,52347.35414
Meienried,69729.62963
Meinisberg,56374.75862
Oberwil bei Büren,55640.66148
Pieterlen,49931.43084
Rüti bei Büren,50890.85239
Wengi,57559.23913
Aefligen,52351.66667
Alchenstorf,56037.81513
Bäriswil,62564.17657
Burgdorf,52392.21046
Ersigen,57997.85592
Hasle bei Burgdorf,48515.48857
Heimiswil,48687.35005
Hellsau,55797.16981
Hindelbank,58678.42271
Höchstetten,50620.98765
Kernenried,58686.22951
Kirchberg (BE),57770.3584
Koppigen,55399.13861
Krauchthal,58418.46488
Lyssach,53751.70388
Oberburg,46318.56796
Rüdtligen-Alchenflüh,51220
Rumendingen,53287.5
Rüti bei Lyssach,57191.91919
Willadingen,59431.96721
Wynigen,50988.82149
Corgémont,51401.36555
Cormoret,48719.25926
Cortébert,46695.71788
Courtelary,52027.24796
La Ferrière,50721.75325
Mont-Tramelan,47578.43137
Orvin,52161.25
Renan (BE),47251.94805
Romont (BE),54041.40625
Saint-Imier,45152.13529
Sonceboz-Sombeval,50524.34275
Sonvilier,45082.71237
Tramelan,50152.04724
Villeret,46903.96226
Sauge,51303.62473
Péry-La Heutte,48306.07143
Brüttelen,54205.35714
Erlach,59589.65517
Finsterhennen,52342
Gals,62531.98294
Gampelen,58972.70992
Ins,60987.44877
Lüscherz,61280.67227
Müntschemier,58138.51175
Siselen,57667.55162
Treiten,59742.06009
Tschugg,63894.88189
Vinelz,58853.2567
Bätterkinden,56809.80084
Deisswil bei Münchenbuchsee,67003.22581
Diemerswil,59870.94017
Fraubrunnen,61388.81333
Jegenstorf,74271.49984
Iffwil,62631.60173
Mattstetten,64860.69182
Moosseedorf,58159.44518
Münchenbuchsee,58656.20114
Urtenen-Schönbühl,54085.82131
Utzenstorf,56119.1068
Wiggiswil,55792.06349
Wiler bei Utzenstorf,54587.97909
Zielebach,55570.91837
Zuzwil (BE),68721.38158
Adelboden,47966.55424
Aeschi bei Spiez,51862.31884
Frutigen,46952.8035
Kandergrund,42989.62472
Kandersteg,51263.00578
Krattigen,52128.41782
Reichenbach im Kandertal,50940.76087
Beatenberg,44437.38872
Bönigen,50532.08702
Brienz (BE),48858.46154
Brienzwiler,45883.55263
Därligen,50276.33929
Grindelwald,53524.23328
Gsteigwiler,53418.14516
Gündlischwand,44691.35135
Habkern,41241.64223
Hofstetten bei Brienz,45108.0597
Interlaken,49261.65324
Iseltwald,52388.98305
Lauterbrunnen,47896.31799
Leissigen,56889.58009
Lütschental,41803.10078
Matten bei Interlaken,48832.23106
Niederried bei Interlaken,47327.07424
Oberried am Brienzersee,46650.98684
Ringgenberg (BE),49785.82524
Saxeten,33624.63768
Schwanden bei Brienz,50342.11957
Unterseen,55539.38235
Wilderswil,49213.81794
Arni (BE),48599.08088
Biglen,53179.90741
Bowil,45953.02267
Brenzikofen,53929.10959
Freimettigen,59621.33891
Grosshöchstetten,58104.15078
Häutligen,51880.76923
Herbligen,54004.93827
Kiesen,62944.66912
Konolfingen,57347.68254
Landiswil,41983.33333
Linden,45745.77181
Mirchel,55257.0997
Münsingen,62052.04466
Niederhünigen,52254.21053
Oberdiessbach,55979.27184
Oberthal,46990.66059
Oppligen,57007.65027
Rubigen,61998.21016
Walkringen,48251.50943
Worb,56811.9457
Zäziwil,50382.66954
Oberhünigen,45878.02198
Allmendingen,73456.54762
Wichtrach,57527.59036
Clavaleyres,29948.57143
Ferenbalm,56392.97753
Frauenkappelen,62395.1005
Gurbrü,56991.5493
Kriechenwil,53655.38462
Laupen,56129.25026
Mühleberg,61206.50029
Münchenwiler,61116.6065
Neuenegg,56589.51227
Wileroltigen,57512.67606
Belprahon,53338.72832
Champoz,54073.40426
Corcelles (BE),45658.95522
Court,50110.4712
Crémines,46015.66667
Eschert,43874.46809
Grandval,51450.46296
Loveresse,52731.41361
Moutier,44065.81756
Perrefitte,46548.24903
Reconvilier,43874.77545
Roches (BE),49827.04918
Saicourt,46586.33721
Saules (BE),44938.2716
Schelten,34954.54545
Seehof,36644.44444
Sorvilier,46056.49718
Tavannes,44538.83998
Rebévelier,44977.27273
Petit-Val,42275.84746
Valbirse,47326.89342
La Neuveville,60677.72887
Nods,53617.81737
Plateau de Diesse,53203.09951
Aegerten,51582.96745
Bellmund,78368.61702
Brügg,51088.52805
Bühl,67424.74576
Epsach,52713.61257
Hagneck,59461.70213
Hermrigen,59861.08108
Jens,60700
Ipsach,64082.3765
Ligerz,76651.59236
Merzligen,65206.52174
Mörigen,86881.33595
Nidau,48508.85019
Orpund,51418.39276
Port,64393.45404
Safnern,58252
Scheuren,59913.82979
Schwadernau,55999.25
Studen (BE),54559.94429
Sutz-Lattrigen,64168.38791
Täuffelen,60629.81261
Walperswil,61102.92599
Worben,56308.62664
Twann-Tüscherz,65626.84659
Därstetten,44785.9127
Diemtigen,46570.40427
Erlenbach im Simmental,46731.80516
Oberwil im Simmental,44034.71616
Reutigen,52125.56522
Spiez,57307.0271
Wimmis,48095.55707
Stocken-Höfen,50179.55707
Guttannen,50828.57143
Hasliberg,44678.70855
Innertkirchen,48543.68771
Meiringen,51915.06955
Schattenhalb,48385.80442
Boltigen,41718.6014
Lenk,49477.2612
St. Stephan,44743.14003
Zweisimmen,49714.55696
Gsteig,52853.13093
Lauenen,52377.85714
Saanen,68836.79073
Guggisberg,41509.52941
Rüschegg,47579.07445
Schwarzenburg,51537.70613
Belp,59649.24003
Burgistein,54479.00875
Gerzensee,68211.29518
Gurzelen,50479.87928
Jaberg,57134.48276
Kaufdorf,59765.60847
Kehrsatz,62041.10672
Kirchdorf (BE),58145.92391
Niedermuhlern,53733.98058
Riggisberg,54086.55884
Rüeggisberg,47468.12559
Seftigen,52893.90947
Toffen,59913.34232
Uttigen,59512.32539
Wattenwil,48965.83851
Wald (BE),61079.07692
Thurnen,56470.95938
Eggiwil,41895.8589
Langnau im Emmental,47750.97326
Lauperswil,45954.5283
Röthenbach im Emmental,44320.68966
Rüderswil,47647.09302
Schangnau,41308.29787
Signau,45299.68454
Trub,38640.30899
Trubschachen,42128.58837
Amsoldingen,57204.46429
Blumenstein,49590.24725
Buchholterberg,51473.12207
Eriz,41823.50993
Fahrni,56547.45011
Heiligenschwendi,48416.54676
Heimberg,55025.67839
Hilterfingen,78255.97715
Homberg,47431.25
Horrenbach-Buchen,35077.8626
Oberhofen am Thunersee,72535.5434
Oberlangenegg,43703.80228
Pohlern,46977.53623
Sigriswil,55294.73684
Steffisburg,55813.59959
Teuffenthal (BE),39746.60194
Thierachern,57293.32406
Thun,54352.80545
Uebeschi,49798.74055
Uetendorf,55379.03081
Unterlangenegg,49088.92508
Wachseldorn,39477.51938
Zwieselberg,67701.1236
Forst-Längenbühl,53755.3288
Affoltern im Emmental,44916.90751
Dürrenroth,43183.1405
Eriswil,41458.15424
Huttwil,47179.68028
Lützelflüh,48783.48922
Rüegsau,50998.61996
Sumiswald,45139.58616
Trachselwald,44512.43043
Walterswil (BE),43626.60256
Wyssachen,41673.37662
Attiswil,55059.75336
Berken,52640.625
Bettenhausen,50486.5285
Farnern,53923.3871
Graben,47697.3822
Heimenhausen,55917.19939
Herzogenbuchsee,51682.41943
Inkwil,52665.7767
Niederbipp,56389.6675
Niederönz,53698.21958
Oberbipp,57833.66733
Ochlenberg,44686.3354
Rumisberg,58591.63763
Seeberg,49457.20384
Thörigen,52570.04471
Walliswil bei Niederbipp,54960.86957
Walliswil bei Wangen,57292.11957
Wangen an der Aare,56543.95132
Wangenried,55027.12551
Wiedlisbach,56400.20921
Doppleschwand,50352.96804
Entlebuch,49085.96588
Flühli,46612.33906
Hasle (LU),45381.61616
Romoos,40440.67797
Schüpfheim,47842.99105
Werthenstein,48587.96537
Escholzmatt-Marbach,44238.68787
Aesch (LU),63681.01604
Ballwil,62431.9322
Emmen,49915.48816
Ermensee,63142.77778
Eschenbach (LU),63927.38669
Hitzkirch,59570.33208
Hochdorf,56459.4483
Hohenrain,60568.11146
Inwil,65087.32854
Rain,68335.18399
Römerswil,56669.86584
Rothenburg,64671.22575
Schongau,62000.5
Adligenswil,71033.04528
Buchrain,63554.78261
Dierikon,61136.95906
Ebikon,57807.51723
Gisikon,75734.95401
Greppen,73777.61438
Honau,66774.15254
Horw,99472.14209
Kriens,56647.92464
Luzern,58275.71978
Malters,56272.33156
Meggen,103674.5306
Meierskappel,71771.46563
Root,59724.27116
Schwarzenberg,59360.53476
Udligenswil,74010.80222
Vitznau,70639.67391
Weggis,94257.676
Beromünster,56701.58686
Büron,54383.88658
Buttisholz,59093.86468
Eich,84548.20144
Geuensee,59515.89986
Grosswangen,54163.8237
Hildisrieden,75585.11769
Knutwil,67426.29946
Mauensee,68143.11718
Neuenkirch,59334.8002
Nottwil,64137.23502
Oberkirch,71187.75285
Rickenbach (LU),54876.40149
Ruswil,54565.61376
Schenkon,86581.68116
Schlierbach,61078.80658
Sempach,72675.76159
Sursee,60251.26395
Triengen,55723.84213
Wolhusen,51015.51494
Alberswil,52904
Altbüron,57114.67391
Altishofen,59989.74874
Dagmersellen,57593.10453
Egolzwil,63339.46785
Ettiswil,54751.18265
Fischbach,48174.11168
Grossdietwil,51119.9187
Hergiswil bei Willisau,47150.33557
Luthern,41454.58453
Menznau,49929.85348
Nebikon,59241.09387
Pfaffnau,55652.3842
Reiden,53046.27865
Roggliswil,53540.0463
Schötz,53202.33034
Ufhusen,46980.79096
Wauwil,58879.01235
Wikon,58071.80124
Zell (LU),51722.91312
Willisau,53062.12457
Altdorf (UR),60138.17046
Andermatt,65444.96021
Attinghausen,57197.73463
Bürglen (UR),54354.23341
Erstfeld,53066.56627
Flüelen,64970.10676
Göschenen,49002.64317
Gurtnellen,43588.88889
Hospental,48851.96078
Isenthal,40452.73438
Realp,54667.5
Schattdorf,58918.4669
Seedorf (UR),59800.60976
Seelisberg,53916.46778
Silenen,47647.9748
Sisikon,54554.24528
Spiringen,41555.2017
Unterschächen,45718.11024
Wassen,49489.65517
Einsiedeln,62096.00584
Gersau,63825.20981
Feusisberg,159760.3417
Freienbach,146670.393
Wollerau,196209.8288
Küssnacht (SZ),90256.80086
Altendorf,105904.0085
Galgenen,69014.39615
Innerthal,48219.26606
Lachen,86538.9739
Reichenburg,61966.27402
Schübelbach,57756.3038
Tuggen,70763.96471
Vorderthal,51413.66776
Wangen (SZ),67867.67868
Alpthal,59765.92798
Arth,58915.93206
Illgau,48779.94907
Ingenbohl,60093.15419
Lauerz,59957.05983
Morschach,57939.71017
Muotathal,49897.19316
Oberiberg,63109.43238
Riemenstalden,33521.2766
Rothenthurm,53754.66541
Sattel,61864.32872
Schwyz,62330.36214
Steinen,57826.48504
Steinerberg,58258.48708
Unteriberg,53314.23191
Alpnach,59966.60505
Engelberg,79978.02535
Giswil,53691.52365
Kerns,57884.19938
Lungern,54355.84689
Sachseln,62316.71735
Sarnen,77447.73594
Beckenried,72080.56373
Buochs,62994.54968
Dallenwil,55468.88273
Emmetten,63945.81498
Ennetbürgen,89622.74709
Ennetmoos,60613.41365
Hergiswil (NW),132909.8648
Oberdorf (NW),59175.15741
Stans,66261.94672
Stansstad,81666.86719
Wolfenschiessen,50566.38225
Glarus Nord,56798.23285
Glarus Süd,50417.58684
Glarus,56733.27995
Baar,90336.87437
Cham,83582.43228
Hünenberg,99908.55432
Menzingen,63002.01238
Neuheim,76782.7792
Oberägeri,106055.9987
Risch,82519.09922
Steinhausen,76430.12451
Unterägeri,81500.82162
Walchwil,130425.5623
Zug,123023.7752
Châtillon (FR),66612.97279
Cugy (FR),52676.22502
Fétigny,53577.87914
Gletterens,59246.70395
Lully (FR),53332.32149
Ménières,63258.15888
Montagny (FR),53016.63962
Nuvilly,49970.54941
Prévondavaux,40482.32787
Saint-Aubin (FR),57160.58459
Sévaz,54928.37968
Surpierre,49774.71512
Vallon,54926.15985
Les Montets,54647.11294
Delley-Portalban,60132.25035
Belmont-Broye,53654.67625
Estavayer,54444.51204
Cheyres-Châbles,60735.28015
Auboranges,56939.5
Billens-Hennens,51929.02754
Chapelle (Glâne),57894.43716
Le Châtelard,48762.55665
Châtonnaye,49266.458
Ecublens (FR),57250.3785
Grangettes,64360.71154
Massonnens,59878.4331
Mézières (FR),54739.73463
Montet (Glâne),58123.06827
Romont (FR),49068.96587
Rue,54980.36918
Siviriez,55036.91553
Ursy,56231.23714
Vuisternens-devant-Romont,53185.76935
Villorsonnens,52981.64558
Torny,54244.98566
Villaz,54803.80709
Haut-Intyamon,47825.10808
Pont-en-Ogoz,59952.04745
Botterens,60389.50135
Broc,48935.30069
Bulle,52609.16027
Châtel-sur-Montsalvens,56271.33333
Corbières,59094.03101
Crésuz,59231.47511
Echarlens,59679.05691
Grandvillard,57384.2369
Gruyères,56602.29003
Hauteville,58154.9209
Jaun,45594.27171
Marsens,61916.77646
Morlon,62282.504
Le Pâquier (FR),60742.49433
Pont-la-Ville,65106.62647
Riaz,58806.09737
La Roche,57488.96334
Sâles,57630.92239
Sorens,55022.98179
Vaulruz,56396.4843
Vuadens,55354.6895
Bas-Intyamon,50532.69795
Val-de-Charmey,54388.13004
Autigny,56978.47126
Avry,62396.14356
Belfaux,55752.48472
Chénens,58705.61678
Corminboeuf,75670.71199
Cottens (FR),59245.22796
Ferpicloz,60716.95862
Fribourg,49619.18814
Givisiez,57011.56557
Granges-Paccot,52961.90528
Grolley,54801.04704
Marly,53452.06111
Matran,60588.59911
Neyruz (FR),60925.63052
Pierrafortscha,89136.46739
Ponthaux,55426.9685
Le Mouret,54775.55469
Treyvaux,54275.23124
Villars-sur-Glâne,58665.29855
Villarsel-sur-Marly,64845.87805
Hauterive (FR),57294.32391
La Brillaz,60848.80691
La Sonnaz,57887.35511
Gibloux,56481.22333
Prez,59895.43478
Bois-d'Amont,56960.7806
Courgevaux,63522.46739
Courtepin,53336.50643
Cressier (FR),61739.31963
Fräschels,64218.46825
Galmiz,57819.45476
Gempenach,64661.32292
Greng,129721.0928
Gurmels,61134.11051
Kerzers,58660.0129
Kleinbösingen,70290.79893
Meyriez,76422.20118
Misery-Courtion,53488.29386
Muntelier,83607.89358
Murten,61001.76913
Ried bei Kerzers,66290.55243
Ulmiz,57564.84586
Mont-Vully,71212.99239
Brünisried,54237.60207
Düdingen,58147.50691
Giffers,52961.81263
Bösingen,58976.88334
Heitenried,54300.69667
Plaffeien,48715.61292
Plasselb,51180.64943
Rechthalten,56306.97181
St. Silvester,49662.5173
St. Ursen,52069.42821
Schmitten (FR),56845.48421
Tafers,56796.54077
Tentlingen,53415.84913
Ueberstorf,59499.66064
Wünnewil-Flamatt,52530.14161
Attalens,58974.49949
Bossonnens,53150.15734
Châtel-Saint-Denis,56517.84813
Granges (Veveyse),54961.07143
Remaufens,62806.22762
Saint-Martin (FR),56211.34753
Semsales,51987.24024
Le Flon,53389.09897
La Verrerie,52341.07808
Egerkingen,57469.14894
Härkingen,63441.21339
Kestenholz,60064.2315
Neuendorf,60028.84161
Niederbuchsiten,58124.73262
Oberbuchsiten,58206.22506
Oensingen,56129.61323
Wolfwil,60207.51708
Aedermannsdorf,58296.5625
Balsthal,54744.78248
Herbetswil,54333.33333
Holderbank (SO),50475.77197
Laupersdorf,54079.77642
Matzendorf,54950.46358
Mümliswil-Ramiswil,54001.34752
Welschenrohr-Gänsbrunnen,49229.72182
Biezwil,62334.01015
Lüterkofen-Ichertswil,71135.82996
Lüterswil-Gächliwil,61245.6621
Messen,62231.93277
Schnottwil,63907.57801
Unterramsern,77730.0813
Lüsslingen-Nennigkofen,67588.01262
Buchegg,64419.90391
Bättwil,68269.5581
Büren (SO),65478.53403
Dornach,69908.94397
Gempen,71493.17269
Hochwald,79209.1716
Hofstetten-Flüh,78267.03943
Metzerlen-Mariastein,68017.90476
Nuglar-St. Pantaleon,66393.74276
Rodersdorf,70580.85106
Seewen,60984.219
Witterswil,79577.96178
Hauenstein-Ifenthal,57931.28492
Kienberg,53137.14286
Lostorf,67681.96216
Niedergösgen,55392.62405
Obergösgen,52264.33718
Stüsslingen,65010.12085
Trimbach,48378.36274
Winznau,56015.66697
Wisen (SO),63537.44856
Erlinsbach (SO),58248.04805
Aeschi (SO),63311.58455
Biberist,54501.25595
Bolken,58815.38462
Deitingen,61440.97715
Derendingen,51905.46937
Etziken,59065.70458
Gerlafingen,49044.50119
Halten,65592.38901
Horriwil,65548.394
Hüniken,70770.88608
Kriegstetten,61338.97243
Lohn-Ammannsegg,71021.55689
Luterbach,56386.47087
Obergerlafingen,58911.64773
Oekingen,61953.36049
Recherswil,57211.85185
Subingen,58600.11086
Zuchwil,49136.03569
Drei Höfe,58131.48148
Balm bei Günsberg,70859.2233
Bellach,54875.13423
Bettlach,64330.85217
Feldbrunnen-St. Niklaus,107032.6957
Flumenthal,55287.02532
Grenchen,50023.36842
Günsberg,64999.12536
Hubersdorf,64007.08661
Kammersrohr,105345.4545
Langendorf,61800.22831
Lommiswil,63946.49022
Oberdorf (SO),68738.22938
Riedholz,69944.11997
Rüttenen,61774.88839
Selzach,57918.61515
Boningen,56816.59389
Däniken,56599.94166
Dulliken,48871.13851
Eppenberg-Wöschnau,52751.41243
Fulenbach,59704.47154
Gretzenbach,59394.58904
Gunzgen,56812.31884
Hägendorf,63441.92029
Kappel (SO),61988.23204
Olten,57175.67129
Rickenbach (SO),70949.35897
Schönenwerd,51000.61728
Starrkirch-Wil,71177.2682
Walterswil (SO),54915.88367
Wangen bei Olten,60568.3781
Solothurn,61470.56597
Bärschwil,50451.59236
Beinwil (SO),46401.94805
Breitenbach,56986.78394
Büsserach,63859.18836
Erschwil,56737.02213
Fehren,55442
Grindel,52650.17794
Himmelried,69605.84906
Kleinlützel,49293.60223
Meltingen,60370
Nunningen,58646.01925
Zullwil,50789.9729
Basel,61357.72475
Bettingen,87395.47038
Riehen,79659.42549
Aesch (BL),63285.57809
Allschwil,66990.0246
Arlesheim,82331.1469
Biel-Benken,88659.97789
Binningen,87390.77604
Birsfelden,53044.46278
Bottmingen,97126.90982
Ettingen,70093.83245
Münchenstein,62383.62416
Muttenz,66875.18351
Oberwil (BL),79833.88024
Pfeffingen,93997.53492
Reinach (BL),64819.02905
Schönenbuch,80177.97063
Therwil,72178.6222
Blauen,73887.01299
Brislach,55535.86845
Burg im Leimental,77181.37931
Dittingen,53923.51598
Duggingen,66795.69378
Grellingen,54965.71691
Laufen,53843.80215
Liesberg,54707.78626
Nenzlingen,56579.29688
Roggenburg,47843.75
Röschenz,65489.70588
Wahlen,57069.00922
Zwingen,56173.85576
Arisdorf,66624.2842
Augst,65222.35294
Bubendorf,63307.78292
Frenkendorf,59186.03433
Füllinsdorf,66925.23909
Giebenach,65383.80634
Hersberg,71925.24272
Lausen,57464.95726
Liestal,59322.7433
Lupsingen,77333.71501
Pratteln,53218.98554
Ramlinsburg,80719.70075
Seltisberg,77020.9205
Ziefen,61889.51708
Anwil,60951.51515
Böckten,72912.52847
Buckten,59253.28283
Buus,62729.11814
Diepflingen,67040.85213
Gelterkinden,58668.87436
Häfelfingen,62316.66667
Hemmiken,52850.8982
Itingen,62232.74478
Känerkinden,59808.48057
Kilchberg (BL),68448.75
Läufelfingen,54993.25997
Maisprach,67455.59633
Nusshof,80987.31343
Oltingen,55713.3829
Ormalingen,62548.21293
Rickenbach (BL),61795.41547
Rothenfluh,61205.86854
Rümlingen,53587.82609
Rünenberg,61741.70306
Sissach,67568.09211
Tecknau,55724.02746
Tenniken,62362.54902
Thürnen,58178.43632
Wenslingen,61053.0303
Wintersingen,61810.66667
Wittinsburg,67718.93004
Zeglingen,57921.98582
Zunzgen,56998.69876
Arboldswil,74341.53355
Bennwil,63084.04558
Bretzwil,56090.86538
Diegten,62142.43421
Eptingen,54089.03226
Hölstein,61319.32713
Lampenberg,69639.5189
Langenbruck,47515.17241
Lauwil,55885.22727
Liedertswil,57235.22727
Niederdorf,55484.23645
Oberdorf (BL),53382.22056
Reigoldswil,54895.67148
Titterten,57410.31746
Waldenburg,50993.75975
Gächlingen,58317.32777
Löhningen,67151.43571
Neunkirch,56866.86347
Büttenhardt,66593.57798
Dörflingen,69760.59406
Lohn (SH),65541.34367
Stetten (SH),88717.75417
Thayngen,57684.67715
Bargen (SH),53147.26368
Beringen,58711.15611
Buchberg,108388.8889
Merishausen,55950.77263
Neuhausen am Rheinfall,49921.00176
Rüdlingen,85055.37757
Schaffhausen,56824.2028
Beggingen,47281.39535
Schleitheim,53218.47826
Siblingen,63598.08102
Buch (SH),54312.5
Hemishofen,62256.85484
Ramsen,52637.07006
Stein am Rhein,60376.43183
Hallau,54631.52709
Oberhallau,53877.9661
Trasadingen,50120.55215
Wilchingen,55793.88186
Herisau,53022.75181
Hundwil,45612.76151
Schönengrund,51480.27682
Schwellbrunn,51478.19083
Stein (AR),59413.85224
Urnäsch,49389.72268
Waldstatt,54020.25948
Bühler,51790.93718
Gais,61529.01125
Speicher,69830.42271
Teufen (AR),76413.85117
Trogen,61482.72095
Grub (AR),60089.71119
Heiden,76071.24408
Lutzenberg,59885.05747
Rehetobel,54651.99601
Reute (AR),55295.44304
Wald (AR),51558.63454
Walzenhausen,56297.97639
Wolfhalden,58502.91262
Appenzell,66652.84353
Gonten,58768.15857
Rüte,71212.12553
Schlatt-Haslen,61505.28926
Schwende,60318.64
Oberegg,54093.4056
Häggenschwil,63401.60819
Muolen,56031.6847
St. Gallen,53375.85761
Wittenbach,53211.25023
Berg (SG),66481.91721
Eggersriet,62772.38866
Goldach,57706.51284
Mörschwil,88073.90438
Rorschach,45692.99883
Rorschacherberg,59873.31281
Steinach,57199.33504
Tübach,68988.05104
Untereggen,62871.27846
Au (SG),54560.57405
Balgach,62215.31596
Berneck,60495.37465
Diepoldsau,59184.72768
Rheineck,48089.2562
St. Margrethen,47819.39394
Thal,59822.60037
Widnau,57846.26541
Altstätten,53078.65255
Eichberg,56599.25651
Marbach (SG),56592.41623
Oberriet (SG),54776.77773
Rebstein,54431.99241
Rüthi (SG),54339.12698
Buchs (SG),55241.18874
Gams,55636.73925
Grabs,55270.90813
Sennwald,56180.88748
Sevelen,53612.84683
Wartau,52176.19226
Bad Ragaz,59115.92895
Flums,48838.35074
Mels,54392.36874
Pfäfers,50849.02439
Quarten,52770.21021
Sargans,54472.93189
Vilters-Wangs,55920.23077
Walenstadt,57762.33323
Amden,63214.12104
Benken (SG),57155.36398
Kaltbrunn,56325.2107
Schänis,53483.24607
Weesen,60043.16888
Schmerikon,63078.07263
Uznach,56695.45589
Rapperswil-Jona,71241.29588
Gommiswald,62877.16612
Eschenbach (SG),58869.80882
Ebnat-Kappel,48598.73284
Wildhaus-Alt St. Johann,48129.19915
Nesslau,49346.31325
Hemberg,49663.93443
Lichtensteig,49890.2294
Oberhelfenschwil,53402.7027
Neckertal,45785.79496
Wattwil,48446.92524
Kirchberg (SG),53617.36082
Lütisburg,52606.05701
Mosnang,50973.32896
Bütschwil-Ganterschwil,52234.7779
Degersheim,49588.62559
Flawil,51752.13086
Jonschwil,59046.81265
Oberuzwil,57361.15374
Uzwil,53787.91614
Niederbüren,61125.53459
Niederhelfenschwil,64424.42368
Oberbüren,62358.7505
Zuzwil (SG),71772.69317
Wil (SG),59698.76914
Andwil (SG),65572.27533
Gaiserwald,68462.20591
Gossau (SG),56779.8921
Waldkirch,58746.83613
Vaz/Obervaz,56061.71218
Lantsch/Lenz,57176.33333
Schmitten (GR),58284.82759
Albula/Alvra,56044.88712
Surses,55525.27832
Bergün Filisur,51671.83673
Brusio,54967.07883
Poschiavo,59486.52956
Falera,59687.04545
Laax,57767.22296
Sagogn,56196.38009
Schluein,59719.59064
Vals,58073.34802
Lumnezia,55446.31902
Ilanz/Glion,55670.3689
Fürstenau,59351.9337
Rothenbrunnen,58677.77778
Scharans,52329.5122
Sils im Domleschg,52885.59322
Cazis,54329.40671
Flerden,61589.40397
Masein,53354.16667
Thusis,55273.74762
Tschappina,52892.75362
Urmein,53315.47619
Safiental,58680.34934
Domleschg,58737.82609
Avers,46700
Sufers,45528
Andeer,57779.41176
Rongellen,53475.75758
Zillis-Reischen,51638.38863
Ferrera,52005.76923
Rheinwald,51998.14241
Muntogna da Schons,60169
Bonaduz,57947.89383
Domat/Ems,54615.00758
Rhäzüns,53171.72619
Felsberg,60936.34106
Flims,56179.22629
Tamins,59377.1777
Trin,58752.79876
Zernez,56916.16022
Samnaun,53227.02703
Scuol,56202.63519
Valsot,55769.21569
Bever,57177.47989
Celerina/Schlarigna,55251.60784
Madulain,63555.11364
Pontresina,54552.83308
La Punt Chamues-ch,56960.20236
Samedan,56160.26605
St. Moritz,56154.38084
S-chanf,49439.67828
Sils im Engadin/Segl,53573.61111
Silvaplana,57481.81818
Zuoz,57444.79167
Bregaglia,53964.88971
Buseno,60563.63636
Castaneda,79852.24719
Rossa,58276.57658
Santa Maria in Calanca,48922.47191
Lostallo,60837.41339
Mesocco,57615.2439
Soazza,57966.2037
Cama,58895.65217
Grono,59666.20076
Roveredo (GR),57792.48434
San Vittore,53840.8998
Calanca,47943.79562
Val Müstair,54271.24064
Davos,56296.18102
Fideris,68835.80247
Furna,55533.91304
Jenaz,53498.97959
Klosters,55826.2034
Conters im Prättigau,61128.57143
Küblis,53365.75964
Luzein,56553.28228
Chur,56270.64371
Churwalden,55440.72356
Arosa,55522.2624
Tschiertschen-Praden,60745.34884
Trimmis,54875.93846
Untervaz,57154.88506
Zizers,59198.95947
Fläsch,55224.37358
Jenins,55369.05263
Maienfeld,55695.21311
Malans,55871.89524
Landquart,56860.14337
Grüsch,58485.03521
Schiers,56587.01613
Seewis im Prättigau,57427.61905
Breil/Brigels,56172.80534
Disentis/Mustér,55239.19156
Medel (Lucmagn),74089.26554
Sumvitg,55229.653
Tujetsch,53912.87779
Trun,55204.21217
Obersaxen Mundaun,60348.92601
Aarau,64835.24983
Biberstein,82585.18519
Buchs (AG),59603.9675
Densbüren,57764.56876
Erlinsbach (AG),73147.38589
Gränichen,57576.80468
Hirschthal,69078.52495
Küttigen,69377.14364
Muhen,61970.33708
Oberentfelden,54998.09419
Suhr,55875.10255
Unterentfelden,60617.94981
Baden,69238.35423
Bellikon,79479.2752
Bergdietikon,85290.71429
Birmenstorf (AG),71950
Ennetbaden,89151.65702
Fislisbach,59887.1878
Freienwil,67993.88795
Gebenstorf,62840.17828
Killwangen,67495.42484
Künten,63255.32747
Mägenwil,62387.38739
Mellingen,61327.38442
Neuenhof,50309.01182
Niederrohrdorf,73201.60135
Oberrohrdorf,77594.27684
Obersiggenthal,66758.73507
Remetschwil,76756.36687
Spreitenbach,50824.37177
Stetten (AG),62819.80676
Turgi,53926.07381
Untersiggenthal,61291.62437
Wettingen,63882.46486
Wohlenschwil,63558.52585
Würenlingen,63127.70296
Würenlos,75810.90473
Ehrendingen,65304.20008
Arni (AG),82088.4347
Berikon,67571.46577
Bremgarten (AG),62435.75685
Büttikon,66298.83721
Dottikon,57363.40426
Eggenwil,69105.7041
Fischbach-Göslikon,59711.22004
Hägglingen,67640
Jonen,78746.32035
Niederwil (AG),62806.03394
Oberlunkhofen,82808.84583
Oberwil-Lieli,112209.5204
Rudolfstetten-Friedlisberg,65691.80191
Sarmenstorf,62615.12805
Tägerig,59418.63517
Uezwil,59899.64664
Unterlunkhofen,73168.36735
Villmergen,58389.24353
Widen,87023.45794
Wohlen (AG),55505.56199
Zufikon,70580.82942
Islisberg,74468.75
Auenstein,69389.6875
Birr,57993.85343
Birrhard,64439.91131
Bözen,60653.57143
Brugg,60410.60317
Effingen,67185.43046
Elfingen,62118.51852
Habsburg,75478
Hausen (AG),64591.35432
Lupfig,61026.64509
Mandach,66403.84615
Mönthal,62876.44231
Mülligen,62892.26891
Remigen,64066.85472
Riniken,61610.68702
Rüfenach,64445.47461
Thalheim (AG),61009.66387
Veltheim (AG),59181.25714
Villigen,62268.61565
Villnachern,60983.21995
Windisch,57618.85303
Bözberg,63954.41658
Schinznach,62233.08495
Beinwil am See,67316.15501
Birrwil,66096.02649
Burg (AG),50272.21239
Dürrenäsch,59654.17277
Gontenschwil,54764.50041
Holziken,57238.54806
Leimbach (AG),60920.4947
Leutwil,59717.60722
Menziken,50354.24799
Oberkulm,53702.80936
Reinach (AG),49174.07793
Schlossrued,53545.56452
Schmiedrued,49997.36842
Schöftland,58614.53995
Teufenthal (AG),52828.95299
Unterkulm,52530.60556
Zetzwil,54346.91689
Eiken,60852.81077
Frick,63738.17535
Gansingen,62614.63845
Gipf-Oberfrick,67316.33617
Herznach,67388.5514
Hornussen,54813.54724
Kaisten,64061.37841
Laufenburg,59761.83575
Münchwilen (AG),61502.36364
Oberhof,61136.97183
Oeschgen,65600.83752
Schwaderloch,57324.25068
Sisseln,64081.284
Ueken,58558.62069
Wittnau,61192.86658
Wölflinswil,56859.29648
Zeihen,61378.26087
Mettauertal,61842.06081
Ammerswil,65356.04113
Boniswil,61904.58015
Brunegg,67182.00837
Dintikon,61161.33768
Egliswil,61650.40556
Fahrwangen,54252.94568
Hallwil,52653.47222
Hendschiken,56282.493
Holderbank (AG),57103.63409
Hunzenschwil,57005.71304
Lenzburg,63306.91456
Meisterschwanden,86073.86301
Möriken-Wildegg,66575.1503
Niederlenz,57282.98311
Othmarsingen,60340.22416
Rupperswil,62298.1114
Schafisheim,60822.80374
Seengen,74091.52192
Seon,59204.88414
Staufen,70484.04987
Abtwil,60413.24864
Aristau,69653.11355
Auw,63969.0411
Beinwil (Freiamt),63578.13953
Besenbüren,62389.23513
Bettwil,65614.4357
Boswil,58583.1318
Bünzen,59145.88045
Buttwil,62241.05409
Dietwil,63418.58289
Geltwil,78824.36975
Kallern,70979.20792
Merenschwand,62720.45097
Mühlau,58715.38462
Muri (AG),60917.22067
Oberrüti,63154.47667
Rottenschwil,66513.69369
Sins,62224.01402
Waltenschwil,61373.71495
Hellikon,58768.83117
Kaiseraugst,64256.47616
Magden,81579.60591
Möhlin,61091.41347
Mumpf,59983.21678
Obermumpf,57098.30221
Olsberg,87662.10526
Rheinfelden,67149.93962
Schupfart,65190.90909
Stein (AG),61828.35314
Wallbach,74710.80357
Wegenstetten,60440.75908
Zeiningen,67889.92366
Zuzgen,65316.29779
Aarburg,52985.00222
Bottenwil,61145.94017
Brittnau,59268.65801
Kirchleerau,54799.80545
Kölliken,57467.16418
Moosleerau,58409.88593
Murgenthal,54926.11044
Oftringen,55059.72019
Reitnau,57155.51684
Rothrist,57798.33767
Safenwil,53929.04179
Staffelbach,55414.41558
Strengelbach,53255.5088
Uerkheim,57996.73367
Vordemwald,59628.42779
Wiliberg,65348.54369
Zofingen,62706.0749
Baldingen,71378.37838
Böbikon,59561.29032
Böttstein,55595.61753
Döttingen,56732.07117
Endingen,62559.30398
Fisibach,59200.7874
Full-Reuenthal,62614.67505
Kaiserstuhl,55763.67713
Klingnau,60183.02485
Koblenz,52416.0323
Leibstadt,57586.08583
Lengnau (AG),64133.85214
Leuggern,57358.5405
Mellikon,58899.0991
Rekingen (AG),53591.35802
Rietheim,50039.38619
Rümikon,54172.98851
Schneisingen,67034.66042
Siglistorf,62952.40642
Tegerfelden,59951.93687
Wislikofen,55562.5
Bad Zurzach,57918.7526
Arbon,51391.29843
Dozwil,60745.59271
Egnach,60953.76089
Hefenhofen,56376.01078
Horn,70928.96111
Kesswil,67442.23108
Roggwil (TG),66627.4434
Romanshorn,50992.41368
Salmsach,52963.33333
Sommeri,52937.75216
Uttwil,69487.89572
Amriswil,51547.2028
Bischofszell,53200.67196
Erlen,53745.03012
Hauptwil-Gottshaus,58798.99727
Hohentannen,63518.32884
Kradolf-Schönenberg,53559.77989
Sulgen,55056.84455
Zihlschlacht-Sitterdorf,56595.86411
Basadingen-Schlattingen,59973.49643
Diessenhofen,57391.73152
Schlatt (TG),61551.3
Aadorf,61731.42576
Felben-Wellhausen,59055.59126
Frauenfeld,61490.01508
Gachnang,67427.8402
Hüttlingen,59731.50685
Matzingen,59343.6143
Neunforn,65192.77689
Stettfurt,75042.83465
Thundorf,60557.90725
Uesslingen-Buch,65831.13965
Warth-Weiningen,98891.92463
Altnau,61580.06354
Bottighofen,90463.17411
Ermatingen,68722.90837
Gottlieben,77076.21951
Güttingen,61136.60419
Kemmental,58827.39437
Kreuzlingen,57496.64412
Langrickenbach,56738.12081
Lengwil,58380.95768
Münsterlingen,66383.0574
Tägerwilen,61997.05545
Wäldi,58232.11806
Affeltrangen,60301.79372
Bettwiesen,63368.04916
Bichelsee-Balterswil,59084.38272
Braunau,63258.27664
Eschlikon,62404.51045
Fischingen,60450.6133
Lommis,71502.44275
Münchwilen (TG),58309.28822
Rickenbach (TG),55344.71279
Schönholzerswilen,56675.66964
Sirnach,57834.64351
Tobel-Tägerschen,54972.7475
Wängi,63329.79465
Wilen (TG),66628.4252
Wuppenau,64014.82702
Berlingen,67091.01338
Eschenz,59884.30233
Herdern,68459.12898
Homburg,65689.09314
Hüttwilen,72298.50575
Mammern,71461.55989
Müllheim,58944.65738
Pfyn,56119.52862
Raperswilen,56930.41667
Salenstein,88942.11854
Steckborn,58149.27671
Wagenhausen,56774.33809
Amlikon-Bissegg,62746.68471
Berg (TG),60781.73025
Birwinken,56591.70124
Bürglen (TG),52036.17121
Bussnang,56265.35552
Märstetten,65505.94363
Weinfelden,58970.23334
Wigoltingen,58330.29862
Arbedo-Castione,50959.86395
Bellinzona,50489.04076
Cadenazzo,43057.86164
Isone,47357.51073
Lumino,55400.78387
Sant'Antonino,51241.56669
Acquarossa,45000.43365
Blenio,44506.86185
Serravalle,47537.03704
Airolo,50630.83434
Bedretto,109014.6667
Bodio,38763.06695
Dalpe,62469.72477
Faido,45694.72087
Giornico,43401.36364
Personico,46665.32663
Pollegio,43300.83507
Prato (Leventina),45049.33921
Quinto,48497.16312
Ascona,59533.80459
Brione sopra Minusio,59028.86598
Brissago,49514.68459
Gordola,50314.46266
Lavertezzo,44938.66058
Locarno,45231.46891
Losone,50719.98964
Mergoscia,40644.02985
Minusio,54592.15231
Muralto,52414.1433
Orselina,59994.52954
Ronco sopra Ascona,69111.11111
Tenero-Contra,46353.14347
Onsernone,39365.89958
Cugnasco-Gerra,52805.35264
Agno,46994.75183
Aranno,55435.05155
Arogno,45121.64049
Astano,46117.51412
Bedano,56779.25
Bedigliora,46403.27869
Bioggio,60419.19323
Bissone,60240.04376
Brusino Arsizio,57497.8903
Cademario,53191.96429
Cadempino,53114.35294
Canobbio,60420.87027
Caslano,47275.91973
Comano,74974.52229
Croglio,43770.4142
Cureglia,73756.53798
Curio,47577.74725
Grancia,46125.68093
Gravesano,65075.94278
Lamone,43474.03545
Lugano,53086.22408
Magliaso,57632.35294
Manno,61774.78386
Maroggia,48888.82979
Massagno,51181.90849
Melano,49310.93168
Melide,52473.34778
Mezzovico-Vira,60637.44966
Miglieglia,42247.45763
Monteggio,44454.0856
Morcote,69273.01136
Muzzano,66618.96163
Neggio,60068.91192
Novaggio,46441.21094
Origlio,69144.8
Paradiso,52880.20679
Ponte Capriasca,56415.72266
Ponte Tresa,42620.37037
Porza,80498.75847
Pura,54985.06224
Rovio,55938.12785
Savosa,62215.81234
Sessa,46684.34343
Sorengo,62959.23423
Capriasca,52502.56276
Torricella-Taverne,48750.27933
Vernate,62994.59459
Vezia,54657.59312
Vico Morcote,89610.61453
Collina d'Oro,77090.76647
Alto Malcantone,49597.87234
Monteceneri,49168.88551
Balerna,44337.13254
Castel San Pietro,58489.99212
Chiasso,39131.19921
Coldrerio,53192.57862
Mendrisio,52496.15944
Morbio Inferiore,48833.67653
Novazzano,52119.56857
Riva San Vitale,51552.14239
Stabio,47336.93656
Vacallo,53035.38922
Breggia,51823.48754
Biasca,44687.67961
Riviera,44763.53201
Bosco/Gurin,43911.11111
Campo (Vallemaggia),28740
Cerentino,40434.61538
Cevio,42747.33045
Linescio,59135.13514
Maggia,45379.20155
Lavizzara,47524.7557
Avegno Gordevio,47034.79263
Terre di Pedemonte,54609.25804
Centovalli,45732.44006
Gambarogno,48956.70773
Verzasca,42403.5503
Aigle,44345.7578
Bex,44734.57723
Chessel,48725.27881
Corbeyrier,47455.55556
Gryon,53251.44092
Lavey-Morcles,46992.21014
Leysin,45803.52711
Noville,55392.74611
Ollon,59793.79217
Ormont-Dessous,47934.68208
Ormont-Dessus,51510.6152
Rennaz,48320.6823
Roche (VD),46172.47312
Villeneuve (VD),46304.08298
Yvorne,56531.4433
Apples,73865.65789
Aubonne,69238.55356
Ballens,58354.36242
Berolle,55674.8503
Bière,50694.69965
Bougy-Villars,99815.87983
Féchy,115177.1574
Gimel,55369.6944
Longirod,66682.10526
Marchissy,64047.56554
Mollens (VD),58501.66667
Saint-George,68928.67925
Saint-Livres,70150.26455
Saint-Oyens,72626.20087
Saubraz,62042.78846
Avenches,47423.80144
Cudrefin,63994.88189
Faoug,62085.2
Vully-les-Lacs,60261.25
Bettens,64212.90323
Bournens,73776.89243
Boussens,71918.76248
La Chaux (Cossonay),63286.80851
Chavannes-le-Veyron,61341.55844
Chevilly,66009.77011
Cossonay,57296.40896
Cottens (VD),74189.87854
Cuarnens,69642.66212
Daillens,70321.33581
Dizy,60590
Eclépens,63127.13568
Ferreyres,73913.29114
Gollion,65607.38739
Grancy,93761.44068
L'Isle,54950.66007
Lussery-Villars,61376.10294
Mauraz,73216.12903
Mex (VD),79617.53986
Moiry,58581.50289
Mont-la-Ville,63602.04082
Montricher,60623.74768
Orny,59100.7326
Pampigny,61060.45455
Penthalaz,55106.92082
Penthaz,64837.00535
Pompaples,51282.24719
La Sarraz,58649.1612
Senarclens,69138.22394
Sévery,58309.67742
Sullens,68530.58824
Vufflens-la-Ville,76980.75802
Assens,66882.63666
Bercher,58898.14815
Bioley-Orjulaz,67379.00356
Bottens,63639.97253
Bretigny-sur-Morrens,62468.22034
Cugy (VD),65723.89892
Echallens,56648.57237
Essertines-sur-Yverdon,65972.63158
Etagnières,69269.8145
Fey,64198.96641
Froideville,64887.54526
Morrens (VD),65463.69427
Oulens-sous-Echallens,67999.07121
Pailly,68895.27027
Penthéréaz,68777.63158
Poliez-Pittet,62030.70175
Rueyres,62729.09091
Saint-Barthélemy (VD),58401.10619
Villars-le-Terroir,65159.21626
Vuarrens,62914.20863
Montilliez,66726.47059
Goumoëns,66015.31842
Bonvillars,64292.07547
Bullet,53516.45244
Champagne,61042.24872
Concise,56318.46154
Corcelles-près-Concise,54603.4632
Fiez,61726.74897
Fontaines-sur-Grandson,50821.53846
Giez,72703.64372
Grandevent,66556.25
Grandson,59481.98662
Mauborget,42798.80952
Mutrux,50766.26506
Novalles,54658.18182
Onnens (VD),60571.75573
Provence,43764.42688
Sainte-Croix,40624.02685
Tévenon,59355.57851
Belmont-sur-Lausanne,85417.44966
Cheseaux-sur-Lausanne,61978.87967
Crissier,51954.0931
Epalinges,71866.86873
Jouxtens-Mézery,176709.8611
Lausanne,50708.47666
Le Mont-sur-Lausanne,71104.51915
Paudex,75371.19497
Prilly,48359.91742
Pully,78387.2552
Renens (VD),43047.59218
Romanel-sur-Lausanne,54600.46512
Chexbres,66073.83253
Forel (Lavaux),62856.44172
Lutry,84769.16817
Puidoux,60590.13717
Rivaz,58230.69307
Saint-Saphorin (Lavaux),74069.04762
Savigny,65597.58969
Bourg-en-Lavaux,82039.99298
Aclens,65682.19697
Bremblens,86828.01303
Buchillon,106307.3482
Bussigny,57486.94567
Bussy-Chardonney,70661.73913
Chavannes-près-Renens,44816.28631
Chigny,94056.98324
Clarmont,79315.12605
Denens,85448.45361
Denges,65635.62428
Echandens,74425.80888
Echichens,77081.29982
Ecublens (VD),52961.67546
Etoy,64515.16173
Lavigny,64993.68836
Lonay,76369.29945
Lully (VD),87312.28501
Lussy-sur-Morges,124336.7521
Morges,58684.23428
Préverenges,68805.74273
Reverolle,70070.42254
Romanel-sur-Morges,76467.04545
Saint-Prex,71008.52436
Saint-Sulpice (VD),92175.11133
Tolochenaz,68063.81857
Vaux-sur-Morges,81106.60377
Villars-Sainte-Croix,74535.71429
Villars-sous-Yens,66479.36508
Vufflens-le-Château,103995.3771
Vullierens,62707.11864
Yens,85509.40171
Boulens,62439.15094
Bussy-sur-Moudon,53324
Chavannes-sur-Moudon,54954.19847
Curtilles,53701.63043
Dompierre (VD),54758.99281
Hermenches,54953.42466
Lovatens,47600
Lucens,44995.89169
Moudon,42788.54058
Ogens,55066.86747
Prévonloup,52550.81967
Rossenges,66892.45283
Syens,71004.3956
Villars-le-Comte,49709.09091
Vucherens,63172.03647
Montanaire,56352.21707
Arnex-sur-Nyon,89573.07692
Arzier-Le Muids,77155.67715
Bassins,73859.53361
Begnins,77933.29854
Bogis-Bossey,86339.65517
Borex,86816.88073
Chavannes-de-Bogis,85168.1736
Chavannes-des-Bois,106833.9833
Chéserex,86573.89163
Coinsins,88645.93496
Commugny,95341.63763
Coppet,98661.48036
Crans (VD),115342.433
Crassier,77965.64748
Duillier,84065.45139
Eysins,79488.61893
Founex,99625.90604
Genolier,97241.6953
Gingins,91821.3141
Givrins,92481.93277
Gland,63045.52624
Grens,81138.94231
Mies,94319.8032
Nyon,66634.22214
Prangins,84443.32818
La Rippe,93004.40917
Saint-Cergue,58813.62032
Signy-Avenex,74975.80071
Tannay,116062.5806
Trélex,96096.95652
Le Vaud,76510.26012
Vich,83216.84211
L'Abergement,67306.38298
Agiez,59164.89362
Arnex-sur-Orbe,59303.33333
Ballaigues,45026.29969
Baulmes,52108.125
Bavois,55306.18375
Bofflens,63547.78761
Bretonnières,55214.49275
Chavornay,53831.52174
Les Clées,66026.73267
Croy,47962.76151
Juriens,55169.23077
Lignerolle,54375.90909
Montcherand,70535.76923
Orbe,49779.2042
La Praz,58361.76471
Premier,50763.84615
Rances,55693.37979
Romainmôtier-Envy,50863.25879
Sergey,50241.46341
Valeyres-sous-Rances,67732.40741
Vallorbe,43928.16635
Vaulion,47458.15603
Vuiteboeuf,51149.39759
Corcelles-le-Jorat,66156.70498
Essertes,65455.50459
Maracon,63285.95318
Montpreveyres,59645.19774
Ropraz,57301.42349
Servion,64620.07105
Vulliens,60225.1497
Jorat-Menthue,60635.54007
Oron,52409.34426
Jorat-Mézières,59902.52644
Champtauroz,50777.10843
Chevroux,60752.85714
Corcelles-près-Payerne,48341.03093
Grandcour,53459.7786
Henniez,67938.60465
Missy,51463.5
Payerne,45373.53345
Trey,52171.02273
Treytorrens (Payerne),43822.85714
Villarzel,53765.38462
Valbroye,49476.12613
Château-d'Oex,46156.32563
Rossinière,49540.66667
Rougemont,55068.63208
Allaman,74652.60664
Bursinel,93498.68421
Bursins,73357.68262
Burtigny,65871.5
Dully,105676.2069
Essertines-sur-Rolle,75112.14953
Gilly,94789.4356
Luins,82550.84175
Mont-sur-Rolle,72906.36992
Perroy,82606.06061
Rolle,70724.74445
Tartegnin,70605.17241
Vinzel,87751.16279
L'Abbaye,54340.23669
Le Chenit,51823.59141
Le Lieu,53366.60118
Blonay,76308.21582
Chardonne,68409.14352
Corseaux,84146.07372
Corsier-sur-Vevey,53483.30649
Jongny,79766.88103
Montreux,51452.7022
Saint-Légier-La Chiésaz,75894.68048
La Tour-de-Peilz,59809.17089
Vevey,46259.89006
Veytaux,55047.23247
Belmont-sur-Yverdon,59764.62882
Bioley-Magnoux,53834.05797
Chamblon,64338.4858
Champvent,56531.53639
Chavannes-le-Chêne,52006.34921
Chêne-Pâquier,61738.2716
Cheseaux-Noréaz,91523.43324
Cronay,56941.31455
Cuarny,59205.71429
Démoret,49216.27907
Donneloye,54200.6263
Ependes (VD),55645.0237
Mathod,52272.32877
Molondin,51563.49206
Montagny-près-Yverdon,57601.40515
Oppens,59269.47368
Orges,62688.38384
Orzens,55723.42342
Pomy,61771.52941
Rovray,62980.61224
Suchy,66095.53571
Suscévaz,58639.25234
Treycovagnes,63043.70079
Ursins,62891.26984
Valeyres-sous-Montagny,59082.38482
Valeyres-sous-Ursins,57100
Villars-Epeney,73134.61538
Vugelles-La Mothe,56836.48649
Yverdon-les-Bains,46082.37585
Yvonand,51441.57021
Brig-Glis,56044.52864
Eggerberg,50195.0495
Naters,54054.29479
Ried-Brig,60744.49378
Simplon,51927.97927
Termen,58526.77029
Zwischbergen,47746
Ardon,49941.0084
Chamoson,49799.69736
Conthey,46952.94237
Nendaz,48482.37896
Vétroz,49096.64839
Bourg-Saint-Pierre,42057.74648
Liddes,41300.91324
Orsières,45971.8452
Sembrancher,44616.69394
Val de Bagnes,57955.84639
Bellwald,42494.2029
Binn,42362.19512
Ernen,45754.40729
Fiesch,45671.66065
Fieschertal,49881.66667
Lax,47645.97701
Obergoms,42333.09179
Goms,42491.83136
Ayent,48077.83673
Evolène,46621.25912
Hérémence,49058.67238
Saint-Martin (VS),45106.09982
Vex,49951.63636
Mont-Noble,50606.92935
Agarn,47934.85194
Albinen,40117.15976
Ergisch,44684.61538
Inden,45538.15789
Leuk,48279.73939
Leukerbad,45724.76636
Oberems,36728.23529
Salgesch,51990.04376
Varen,45420.2864
Guttet-Feschel,44779.08745
Gampel-Bratsch,48645.52912
Turtmann-Unterems,48931.25972
Bovernier,46410.72125
Fully,50045.70676
Isérables,39835.88342
Leytron,49778.60991
Martigny,50039.11123
Martigny-Combe,51320.14599
Riddes,47469.69523
Saillon,51486.10568
Saxon,43922.56573
Trient,46286.17021
Champéry,50828.51182
Collombey-Muraz,50209.73057
Monthey,49012.60227
Port-Valais,54510.1573
Saint-Gingolph,50015.10791
Troistorrents,51807.80856
Val-d'Illiez,50564.85356
Vionnaz,52355.90256
Vouvry,51076.75906
Bister,44771.42857
Bitsch,53852
Grengiols,39310.72797
Riederalp,45896.04743
Ausserberg,52597.39583
Blatten,50783.04094
Bürchen,44112.78351
Eischoll,48893.56061
Ferden,42928.90625
Kippel,43906.15385
Niedergesteln,54436.11794
Raron,51733.09091
Unterbäch,53898.62543
Wiler (Lötschen),46646.22642
Mörel-Filet,42609.29095
Steg-Hohtenn,49202.98805
Bettmeralp,56517.22846
Collonges,46707.91075
Dorénaz,45016.50165
Evionnaz,45151.04551
Finhaut,46602.31481
Massongex,48653.08311
Saint-Maurice,42382.56044
Salvan,45785.61873
Vernayaz,44819.21922
Vérossaz,50582.45243
Chalais,45133.04856
Chippis,45232.3641
Grône,44200.20979
Icogne,47787.08709
Lens,54311.68014
Saint-Léonard,51120.76149
Sierre,45522.76034
Anniviers,51255.6811
Crans-Montana,54732.28407
Noble-Contrée,53507.66038
Arbaz,48434.16149
Grimisuat,58238.55911
Savièse,55763.83648
Sion,49426.18918
Veysonnaz,50183.73494
Baltschieder,56431.38374
Eisten,37466.19718
Embd,43317.87709
Grächen,43768.11955
Lalden,57687.14653
Randa,41945.6
Saas-Almagell,41502.27273
Saas-Balen,46021.2
Saas-Fee,49920.39072
Saas-Grund,45751.85811
St. Niklaus,47213.96605
Stalden (VS),53739.90826
Staldenried,46270.94972
Täsch,44141.79894
Törbel,48055.30547
Visp,56722.73231
Visperterminen,56344.84127
Zeneggen,49422.75449
Zermatt,56974.71891
Boudry,53114.44767
Cortaillod,58292.69684
Rochefort,59392.94274
Milvignes,60221.02741
La Grande Béroche,57038.50485
La Chaux-de-Fonds,43240.2787
Les Planchettes,51348.33333
La Sagne,49555.77558
La Brévine,49613.2964
Brot-Plamboz,60102.04082
Le Cerneux-Péquignot,56582.94118
La Chaux-du-Milieu,49897.04797
Le Locle,42933.83134
Les Ponts-de-Martel,47459.46328
Cornaux,49536.20309
Cressier (NE),50353.83848
Enges,56267.76316
Hauterive (NE),58972.71549
Le Landeron,78523.20583
Lignières,52781.59393
Neuchâtel,51666.083
Saint-Blaise,62684.97577
La Tène,55229.91361
Val-de-Ruz,53817.13305
La Côte-aux-Fées,40160.29412
Les Verrières,39972.98701
Val-de-Travers,43430.50224
Aire-la-Ville,75766.10487
Anières,116556.6312
Avully,58156.92308
Avusy,77111.38686
Bardonnex,68747.92514
Bellevue,70184.00272
Bernex,66506.90726
Carouge (GE),54670.01898
Cartigny,90466.88034
Céligny,67716.27219
Chancy,62380.32995
Chêne-Bougeries,88007.38942
Chêne-Bourg,51460.4614
Choulex,86364.46429
Collex-Bossy,77232.14774
Collonge-Bellerive,103340.392
Cologny,97710.78224
Confignon,68403.41463
Corsier (GE),111645.7831
Dardagny,56490.72052
Genève,53617.50769
Genthod,110148.36
Le Grand-Saconnex,54904.42177
Gy,84248.86878
Hermance,71469.83471
Jussy,86805.77933
Laconnex,73188.35821
Lancy,52450.47944
Meinier,67995.01466
Meyrin,46696.30942
Onex,49609.77287
Perly-Certoux,61903.51538
Plan-les-Ouates,65863.55976
Pregny-Chambésy,79496.08939
Presinge,59361.15702
Puplinge,68398.68313
Russin,80548.37398
Satigny,65689.21713
Soral,69416.51786
Thônex,56297.59722
Troinex,81756.08163
Vandoeuvres,104869.7758
Vernier,42606.23316
Versoix,53922.45514
Veyrier,83142.00039
Boécourt,48855.91398
Bourrignon,46205.84416
Châtillon (JU),49190.13605
Courchapoix,44182.48175
Courrendlin,47107.11897
Courroux,49050.93576
Courtételle,51947.10851
Delémont,47514.46861
Develier,51293.5197
Ederswiler,43888.23529
Mervelier,48258.55263
Mettembert,50368.33333
Movelier,45870.11952
Pleigne,44600
Rossemaison,57167.05607
Saulcy,44601.21951
Soyhières,46590.52632
Haute-Sorne,45078.17597
Val Terbi,46741.71011
Le Bémont (JU),51041.75258
Les Bois,50250.06729
Les Breuleux,49846.02464
La Chaux-des-Breuleux,45184.61538
Les Enfers,49069.04762
Les Genevez (JU),49663.09148
Lajoux (JU),48339.11007
Montfaucon,47212.64368
Muriaux,55917.61006
Le Noirmont,51074.77718
Saignelégier,47711.72914
Saint-Brais,44987.59124
Soubey,36931.86813
Alle,45798.00866
Beurnevésin,41159.09091
Boncourt,47358.6071
Bonfol,43624.7549
Bure,52047.74536
Coeuve,51846.79803
Cornol,47311.45997
Courchavon,49640.65934
Courgenay,45705.74482
Courtedoux,51418.60465
Damphreux,42389.07563
Fahy,42133.33333
Fontenais,47857.68116
Grandfontaine,43804.80349
Lugnez,43691.50943
Porrentruy,46753.01501
Vendlincourt,45657.14286
Basse-Allaine,44095.32325
Clos du Doubs,43747.74436
Haute-Ajoie,45597.32938
La Baroche,41808.96552
